author,author_type,url,location,deal_type,accommodation_type,floor,floors_count,rooms_count,total_meters,price,district,street,house_number,underground,residential_complex
VESPER,developer,https://www.cian.ru/sale/flat/262519758/,Москва,sale,flat,5,21,2,110.6,103787040.0,Пресненский, Костикова,4к1,Улица 1905 года,Lucky
ID 108172779,real_estate_agent,https://www.cian.ru/sale/flat/301496936/,Москва,sale,flat,7,8,1,53.2,58786000.0,Таганский,Славянская площадь,2/5с1,Китай-город,LUMIN
Tekta Group,developer,https://www.cian.ru/sale/flat/301259751/,Москва,sale,flat,23,42,2,41.6,25837760.0,Котловка,Севастопольский проспект,22А,Нагорная,Eniteo
SHOW ME,real_estate_agent,https://www.cian.ru/sale/flat/302081797/,Москва,sale,flat,2,10,2,69.4,85000000.0,Тверской, Палиха,4,Менделеевская,Клубный дом Maison Rouge
VESPER,developer,https://www.cian.ru/sale/flat/286258299/,Москва,sale,flat,5,9,2,104.2,143796000.0,Тверской,1-я Тверская-Ямская ,2,Маяковская,Vesper Tverskaya
Life Style,real_estate_agent,https://www.cian.ru/sale/flat/294212104/,Москва,sale,flat,34,78,2,76.1,62000000.0,Пресненский,1-й Красногвардейский проезд,22с2,Москва-Сити,NEVA TOWERS
Главстрой,developer,https://www.cian.ru/sale/flat/296921240/,Москва,sale,flat,3,26,2,65.8,27526142.0,Филевский парк,Береговой проезд,2,Народное Ополчение,Береговой-2
ID 85604823,unknown,https://www.cian.ru/sale/flat/299429352/,Москва,sale,flat,38,51,2,63.0,36000000.0,Пресненский,Шмитовский проезд,39к8,Шелепиха,Headliner
Главстрой,developer,https://www.cian.ru/sale/flat/301772281/,Москва,sale,flat,2,8,2,48.83,24219680.0,Котловка,31/2,31/2,Профсоюзная,Новые Академики ЖК
SHOW ME,real_estate_agent,https://www.cian.ru/sale/flat/276019027/,Москва,sale,flat,6,6,2,130.0,58000000.0,Беговой, 3-я Ямского Поля,9,Белорусская,Art Residence
MR Group,developer,https://www.cian.ru/sale/flat/304294682/,Москва,sale,flat,2,46,2,63.78,30642834.0,Даниловский,Дубининская ,59А,Серпуховская,Павелецкая Сити
NF Group - ex-Knight Frank,real_estate_agent,https://www.cian.ru/sale/flat/298050405/,Москва,sale,flat,7,9,2,108.3,169000000.0,Тверской,1-я Тверская-Ямская ,2,Маяковская,Vesper Tverskaya
БЭЛ Девелопмент,developer,https://www.cian.ru/sale/flat/303377181/,Москва,sale,flat,3,6,2,38.7,38313000.0,Тверской,Долгоруковская ,25к2,Новослободская,Долгоруковская 25
САДОВЫЕ КВАРТАЛЫ,real_estate_agent,https://www.cian.ru/sale/flat/303087931/,Москва,sale,flat,7,15,2,120.0,149500000.0,Хамовники, Усачева,15,Спортивная,Садовые кварталы
Tekta Group,developer,https://www.cian.ru/sale/flat/303224329/,Москва,sale,flat,7,34,2,41.4,21296160.0,Обручевский,,,Воронцовская,Эвер ЖК
Kalinka Group,real_estate_agent,https://www.cian.ru/sale/flat/301493797/,Москва,sale,flat,9,32,2,63.0,50700000.0,Дорогомилово,Поклонная ,9,Поклонная,Поклонная 9
MR Group,developer,https://www.cian.ru/sale/flat/300287958/,Москва,sale,flat,33,43,2,58.83,27333836.0,Савеловский,2-я Хуторская ,34,Дмитровская,SYMPHONY 34
MHEstate - Элитная недвижимость,real_estate_agent,https://www.cian.ru/sale/flat/303439862/,Москва,sale,flat,3,10,2,90.0,37900000.0,Басманный,Нижняя Красносельская ,35С48,Бауманская,TriBeCa APARTMENTS
Tekta Group,developer,https://www.cian.ru/sale/flat/301260478/,Москва,sale,flat,5,27,2,40.5,24036750.0,Даниловский,,,Павелецкая,Era
ID 86900871,realtor,https://www.cian.ru/sale/flat/297947020/,Москва,sale,flat,2,3,2,46.3,56000000.0,Басманный, Маросейка,11/4С1,Китай-город,
Рублево-Архангельское,developer,https://www.cian.ru/sale/flat/304172962/,Москва,sale,flat,4,7,2,66.2,25745180.0,,,В17 кв-л,Опалиха,Сберсити ЖК
ID 112591621,homeowner,https://www.cian.ru/sale/flat/301839935/,Москва,sale,flat,13,45,2,51.0,31500000.0,Дорогомилово,Кутузовский проезд,16А/1,Деловой центр,River Park Кутузовский
Мангазея,developer,https://www.cian.ru/sale/flat/301581592/,Москва,sale,flat,9,21,2,74.2,36238909.0,Щукино,Щукинская ,,Щукинская,Интонация
Century 21 Street Realty,real_estate_agent,https://www.cian.ru/sale/flat/302544975/,Москва,sale,flat,19,41,1,47.6,42000000.0,Хорошевский,Ленинградский проспект,37/5,Аэропорт,Прайм Парк
Рублево-Архангельское,developer,https://www.cian.ru/sale/flat/298516517/,Москва,sale,flat,2,11,2,47.0,24769000.0,,,В14 кв-л,Павшино,Сберсити ЖК
Центр Недвижимости Татьяны Анисимовой,real_estate_agent,https://www.cian.ru/sale/flat/304254105/,Москва,sale,flat,21,24,1,34.1,10500000.0,, Бачуринская,13,Коммунарка,
Ташир,developer,https://www.cian.ru/sale/flat/304143918/,Москва,sale,flat,10,32,2,76.6,31834960.0,Черемушки,Херсонская ,43к5,Зюзино,ONYX Deluxe
Центр Недвижимости Татьяны Анисимовой,real_estate_agent,https://www.cian.ru/sale/flat/299242534/,Москва,sale,flat,1,3,1,44.0,9800000.0,, Нильса Бора,6,Коммунарка,
COLDY,developer,https://www.cian.ru/sale/flat/303330158/,Москва,sale,flat,2,15,2,70.8,54813512.0,Даниловский, Серпуховский Вал,7,Тульская,Дом 7 Даниловский
Whitewill,real_estate_agent,https://www.cian.ru/sale/flat/303753500/,Москва,sale,flat,3,5,2,69.3,52000000.0,Хорошевский,Ленинградский проспект,37/5,Аэропорт,Прайм Парк
PIONEER,developer,https://www.cian.ru/sale/flat/301513284/,Москва,sale,flat,4,22,2,47.2,24921930.0,Марьина роща,Полковая ,1С12,Савёловская,PRIDE
Century 21 Street Realty,real_estate_agent,https://www.cian.ru/sale/flat/295800676/,Москва,sale,flat,4,17,2,44.5,39500000.0,Пресненский,Звенигородское шоссе,11,Улица 1905 года,Дизайнерский дом Eleven
Рублево-Архангельское,developer,https://www.cian.ru/sale/flat/298516183/,Москва,sale,flat,2,12,2,85.94,38612842.0,,,В19 кв-л,Павшино,Сберсити ЖК
Whitewill,real_estate_agent,https://www.cian.ru/sale/flat/301565559/,Москва,sale,flat,5,21,2,117.0,115000000.0,Пресненский, Костикова,4к1,Улица 1905 года,Lucky
Галс-Девелопмент,developer,https://www.cian.ru/sale/flat/303040442/,Москва,sale,flat,2,6,2,102.4,98201600.0,Арбат,Поварская ,8/1к1,Арбатская,De Luxe квартал апартаментов 
SHOW ME,real_estate_agent,https://www.cian.ru/sale/flat/272003903/,Москва,sale,flat,5,6,2,43.0,27500000.0,Беговой, 3-я Ямского Поля,9,Белорусская,Art Residence
Рублево-Архангельское,developer,https://www.cian.ru/sale/flat/299934989/,Москва,sale,flat,4,13,2,81.26,34421736.0,,,В21 кв-л,Опалиха,Сберсити ЖК
Бюро Эстейт Городская недвижимость,real_estate_agent,https://www.cian.ru/sale/flat/301212653/,Москва,sale,flat,2,24,2,57.4,26000000.0,Хорошево-Мневники,Шелепихинская набережная,40к2,Шелепиха,Sydney City
Пионер,developer,https://www.cian.ru/sale/flat/301459955/,Москва,sale,flat,4,11,2,85.3,70625414.0,Даниловский,,,Павелецкая,Опус ЖК
BARNES International Realty,real_estate_agent,https://www.cian.ru/sale/flat/300942839/,Москва,sale,flat,2,7,2,82.6,38000000.0,Беговой,Ленинградский проспект,15С28,Белорусская,Bolshevik
Киноцентр,developer,https://www.cian.ru/sale/flat/302253810/,Москва,sale,flat,7,20,2,54.85,54795150.0,Пресненский,Дружинниковская ,15,Краснопресненская,SkyView
Villagio Realty,real_estate_agent,https://www.cian.ru/sale/flat/303902201/,Москва,sale,flat,17,24,2,45.0,37000000.0,Хорошевский,Хорошевское шоссе,25Ак2,Полежаевская,Династия
Галс-Девелопмент,developer,https://www.cian.ru/sale/flat/303040534/,Москва,sale,flat,3,8,2,75.2,50308800.0,Замоскворечье,Шлюзовая набережная,2/1С1,Павелецкая,Элитный жилой комплекс 
White and Broughton,real_estate_agent,https://www.cian.ru/sale/flat/299890518/,Москва,sale,flat,9,40,1,41.5,32000000.0,Хорошевский,Ленинградский проспект,37/4,ЦСКА,Прайм Парк
Среда,developer,https://www.cian.ru/sale/flat/303859205/,Москва,sale,flat,6,27,2,53.6,20630640.0,Очаково-Матвеевское,Очаково мкр,,Аминьевская,Среда на Лобачевского
White and Broughton,real_estate_agent,https://www.cian.ru/sale/flat/301763282/,Москва,sale,flat,39,41,2,56.9,40000000.0,Хорошевский,Ленинградский проспект,37/6,Аэропорт,Прайм Парк
EraOneHolding,developer,https://www.cian.ru/sale/flat/280427150/,Москва,sale,flat,3,5,2,178.6,150400000.0,Арбат, Арбат,39,Смоленская,Artisan
White and Broughton,real_estate_agent,https://www.cian.ru/sale/flat/301550653/,Москва,sale,flat,13,41,1,41.5,31000000.0,Хорошевский,Ленинградский проспект,37/6,Аэропорт,Прайм Парк
Галс-Девелопмент,developer,https://www.cian.ru/sale/flat/301910921/,Москва,sale,flat,20,23,2,68.1,34118100.0,Басманный, Фридриха Энгельса,56,Бауманская,Премиум-квартал 
White and Broughton,real_estate_agent,https://www.cian.ru/sale/flat/299860953/,Москва,sale,flat,9,41,1,40.5,27000000.0,Хорошевский,Ленинградский проспект,37/3,Аэропорт,Прайм Парк
Sminex,developer,https://www.cian.ru/sale/flat/293713880/,Москва,sale,flat,2,14,2,85.6,168270000.0,Якиманка,,,Боровицкая,Лаврушинский ЖК
White and Broughton,real_estate_agent,https://www.cian.ru/sale/flat/292933473/,Москва,sale,flat,16,40,1,41.1,31500000.0,Хорошевский,Ленинградский проспект,37/4,ЦСКА,Прайм Парк
Рублево-Архангельское,developer,https://www.cian.ru/sale/flat/293721204/,Москва,sale,flat,3,13,2,82.36,44400276.0,,,В20 кв-л,Павшино,Сберсити ЖК
NF Group - ex-Knight Frank,real_estate_agent,https://www.cian.ru/sale/flat/303582856/,Москва,sale,flat,4,21,2,56.2,60000000.0,Пресненский,2-я Звенигородская ,16,Улица 1905 года,Lucky
Абсолют Недвижимость,developer,https://www.cian.ru/sale/flat/304065659/,Москва,sale,flat,4,17,2,49.8,53567000.0,Хамовники,,,Воробьёвы горы,Коллекция Лужники ЖК
Whitewill Москва-Сити,real_estate_agent,https://www.cian.ru/sale/flat/303800679/,Москва,sale,flat,50,64,2,85.0,59000000.0,Пресненский,1-й Красногвардейский проезд,22с2,Москва-Сити,NEVA TOWERS
Sense Development,developer,https://www.cian.ru/sale/flat/299137278/,Москва,sale,flat,9,13,2,64.6,36374496.0,Даниловский,Подольское шоссе,3,Тульская,Logos
ФСК Агент,real_estate_agent,https://www.cian.ru/sale/flat/304178493/,Москва,sale,flat,7,20,2,59.4,28990000.0,Хорошево-Мневники,к2/1,к2/1,Хорошёво,Сидней Сити ЖК
Сбербанк Капитал,developer,https://www.cian.ru/sale/flat/288177346/,Москва,sale,flat,2,7,2,112.8,118321582.0,Якиманка,Софийская набережная,36,Новокузнецкая,Резиденция 1864
NF Group - ex-Knight Frank,real_estate_agent,https://www.cian.ru/sale/flat/298050415/,Москва,sale,flat,11,13,2,83.0,99000000.0,Хамовники, Усачева,15А,Спортивная,Садовые кварталы
Галс-Девелопмент,developer,https://www.cian.ru/sale/flat/303040420/,Москва,sale,flat,4,6,2,74.91,124200780.0,Замоскворечье,Космодамианская набережная,4/22С8,Новокузнецкая,Клубный дом Космо 4/22
NIKA ESTATE,real_estate_agent,https://www.cian.ru/sale/flat/303635688/,Москва,sale,flat,2,5,2,106.0,160000000.0,Тверской,Никольская ,10,Площадь Революции,St. Nickolas
Hutton Development,developer,https://www.cian.ru/sale/flat/303616433/,Москва,sale,flat,5,6,2,75.6,181440000.0,Якиманка,Софийская набережная,34С3,Новокузнецкая,Клубный дом DUO
Novel Estates,real_estate_agent,https://www.cian.ru/sale/flat/301247847/,Москва,sale,flat,15,77,2,98.0,88000000.0,Пресненский,1-й Красногвардейский проезд,22с1,Москва-Сити,NEVA TOWERS
Regions Development,developer,https://www.cian.ru/sale/flat/304060514/,Москва,sale,flat,2,23,2,72.1,,Нагатинский затон,проспект Андропова,9/1к2,Технопарк,Dream Towers
Ramenky Realty,real_estate_agent,https://www.cian.ru/sale/flat/303087894/,Москва,sale,flat,9,14,2,99.71,118450000.0,Хамовники, Усачева,15А,Спортивная,Садовые кварталы
ANT Development,developer,https://www.cian.ru/sale/flat/303519421/,Москва,sale,flat,2,10,2,59.8,66618396.0,Дорогомилово,,3к8,Поклонная,Виктори Парк Резиденсез ЖК
ФСК Агент,real_estate_agent,https://www.cian.ru/sale/flat/300074305/,Москва,sale,flat,5,38,1,39.8,20000000.0,Останкинский, Вильгельма Пика,,Ботанический сад,Режиссёр
Ташир,developer,https://www.cian.ru/sale/flat/274701405/,Москва,sale,flat,2,17,2,43.3,27062500.0,Раменки,Мичуринский проспект,вл30Б,Ломоносовский проспект,Legacy
Whitewill,real_estate_agent,https://www.cian.ru/sale/flat/303137027/,Москва,sale,flat,2,5,2,106.0,160000000.0,Тверской,Никольская ,10,Площадь Революции,St. Nickolas
Sminex,developer,https://www.cian.ru/sale/flat/303125490/,Москва,sale,flat,11,14,2,67.1,39190000.0,Раменки,проспект Генерала Дорохова,39к2М,Ломоносовский проспект,Собрание клубных домов West Garden
ФСК Агент,real_estate_agent,https://www.cian.ru/sale/flat/298216770/,Москва,sale,flat,13,44,2,73.2,29500000.0,Хорошево-Мневники,к2/2,к2/2,Шелепиха,Сидней Сити ЖК
Стадион Спартак,developer,https://www.cian.ru/sale/flat/298406172/,Москва,sale,flat,4,13,2,66.7,32609630.0,Покровское-Стрешнево,Северо-Западный ао,,Спартак,Клубный Город на Реке Примавера ЖК
Whitewill,real_estate_agent,https://www.cian.ru/sale/flat/299509241/,Москва,sale,flat,24,24,2,57.4,39000000.0,Хорошево-Мневники,Шелепихинская набережная,34к3зд7,Шелепиха,Сердце Столицы
MR Group,developer,https://www.cian.ru/sale/flat/302792260/,Москва,sale,flat,4,13,2,85.76,108088817.0,Мещанский,Садовая-Сухаревская ,14,Цветной бульвар,Клубный дом Forum
Dream Realty,real_estate_agent,https://www.cian.ru/sale/flat/304106467/,Москва,sale,flat,4,4,2,51.1,37000000.0,Хорошевский,Ленинградский проспект,37/7,Аэропорт,Прайм Парк
Концерн КРОСТ,developer,https://www.cian.ru/sale/flat/299370748/,Москва,sale,flat,3,6,2,44.0,23232000.0,Хорошево-Мневники, Саляма Адиля,2А,Народное Ополчение,Wellton SPA Residence
Novel Estates,real_estate_agent,https://www.cian.ru/sale/flat/304063027/,Москва,sale,flat,2,16,2,60.0,36500000.0,Хамовники,Фрунзенская набережная,50,Спортивная,
СИТИ21,developer,https://www.cian.ru/sale/flat/292035501/,Москва,sale,flat,14,15,2,75.8,41390372.0,Останкинский,проспект Мира,95,Алексеевская,Hill8
NF Group - ex-Knight Frank,real_estate_agent,https://www.cian.ru/sale/flat/303071841/,Москва,sale,flat,19,32,1,32.2,25000000.0,Пресненский,Шмитовский проезд,39к2,Шелепиха,Headliner
EraOneHolding,developer,https://www.cian.ru/sale/flat/284404561/,Москва,sale,flat,8,8,2,121.2,159473684.0,Арбат, Арбат,24,Смоленская,Turandot Residences
Whitewill,real_estate_agent,https://www.cian.ru/sale/flat/303337092/,Москва,sale,flat,3,7,2,91.2,80000000.0,Басманный,Гороховский переулок,12с5,Курская,Гороховский 12
COLDY,developer,https://www.cian.ru/sale/flat/297997312/,Москва,sale,flat,2,14,2,147.05,303725598.0,Хамовники,переулок 1-й Тружеников,12,Киевская,Хамовники 12
ALFA real estate,real_estate_agent,https://www.cian.ru/sale/flat/300964449/,Москва,sale,flat,20,22,2,38.4,15500000.0,Южное Тушино,бульвар Яна Райниса,45К2,Сходненская,
VESPER,developer,https://www.cian.ru/sale/flat/287317369/,Москва,sale,flat,5,21,1,65.9,78259545.0,Пресненский, Костикова,4к1,Улица 1905 года,Lucky
ALFA real estate,real_estate_agent,https://www.cian.ru/sale/flat/300967746/,Москва,sale,flat,6,24,2,40.0,16500000.0,Митино,Муравская ,46к3,Пятницкое шоссе,Эко-квартал Аквилон Митино
КРОСТ,developer,https://www.cian.ru/sale/flat/296745429/,Москва,sale,flat,26,28,2,47.5,22182500.0,Хорошево-Мневники, Генерала Глаголева,,,CRYSTAL Трилогия
MHEstate - Элитная недвижимость,real_estate_agent,https://www.cian.ru/sale/flat/303820905/,Москва,sale,flat,10,14,1,65.2,35000000.0,Мещанский, Гиляровского,50,Проспект Мира,
Трансстройинвест,developer,https://www.cian.ru/sale/flat/301925930/,Москва,sale,flat,11,23,2,44.1,21442891.0,Очаково-Матвеевское,Очаково мкр,,Озёрная,ОМ ЖК
ALFA real estate,real_estate_agent,https://www.cian.ru/sale/flat/301407636/,Москва,sale,flat,21,22,1,38.5,15500000.0,Южное Тушино,бульвар Яна Райниса,45К2,Сходненская,
MR Group,developer,https://www.cian.ru/sale/flat/298278959/,Москва,sale,flat,2,37,2,64.3,41616568.0,Беговой,Ленинградский проспект,вл8,Белорусская,Slava
GLINCOM,official_representative,https://www.cian.ru/sale/flat/297952301/,Москва,sale,flat,2,6,2,90.0,34900000.0,Алексеевский,проспект Мира,102к2,Алексеевская,Парк Мира
ANT Development,developer,https://www.cian.ru/sale/flat/303519450/,Москва,sale,flat,22,34,2,50.6,59236384.0,Дорогомилово,Поклонная ,9,Поклонная,Поклонная 9
Marry Lane Group,real_estate_agent,https://www.cian.ru/sale/flat/303980600/,Москва,sale,flat,4,10,2,44.3,34000000.0,Беговой, 1-я Ямского Поля,1к1,Белорусская,Slava
MR Group,developer,https://www.cian.ru/sale/flat/290790439/,Москва,sale,flat,2,57,2,58.48,32674530.0,Филевский парк,,,Фили,Фили Сити ЖК
BARNES International Realty,real_estate_agent,https://www.cian.ru/sale/flat/301019177/,Москва,sale,flat,31,34,1,36.0,22000000.0,Хорошево-Мневники,Шелепихинская набережная,34,Шелепиха,Сердце Столицы
Ташир,developer,https://www.cian.ru/sale/flat/299137381/,Москва,sale,flat,4,21,2,47.9,19339625.0,Очаково-Матвеевское,Аминьевское шоссе,6,Давыдково,West Tower (Апартаменты бизнес-класса)
Point Estate Город,real_estate_agent,https://www.cian.ru/sale/flat/301035843/,Москва,sale,flat,3,7,2,99.0,80000000.0,Басманный,Гороховский переулок,12,Курская,Гороховский 12
Группа Родина,developer,https://www.cian.ru/sale/flat/285606685/,Москва,sale,flat,2,23,2,62.5,31200000.0,Ростокино,,к2,Ботанический сад,Союз ЖК
ЗАПАДНЫЙ САД,real_estate_agent,https://www.cian.ru/sale/flat/304117173/,Москва,sale,flat,12,14,2,49.0,32899000.0,Раменки,проспект Генерала Дорохова,39к1А,Минская,Собрание клубных домов West Garden
Sminex,developer,https://www.cian.ru/sale/flat/303262598/,Москва,sale,flat,3,26,2,61.54,29580000.0,Марфино, Академика Королева,21,Бутырская,Дом Достижение
Marry Lane Group,real_estate_agent,https://www.cian.ru/sale/flat/292853214/,Москва,sale,flat,36,41,2,58.3,33000000.0,Раменки,1-й Сетуньский проезд,вл8,Кутузовская,Hide
Tekta Group,developer,https://www.cian.ru/sale/flat/303506169/,Москва,sale,flat,3,22,2,39.9,17288670.0,Нагорный,,1,Нагорная,Твелв ЖК
Life Style,real_estate_agent,https://www.cian.ru/sale/flat/301907258/,Москва,sale,flat,2,12,1,38.7,10600000.0,Строгино, Исаковского,2К1,Мякинино,
Sminex,developer,https://www.cian.ru/sale/flat/304094767/,Москва,sale,flat,3,24,2,55.9,77660000.0,Пресненский,Электрический переулок,1кАБ,Белорусская,Квартал Тишинский бульвар
NF Group - ex-Knight Frank,real_estate_agent,https://www.cian.ru/sale/flat/301258691/,Москва,sale,flat,2,21,2,57.23,59000000.0,Пресненский,2-я Звенигородская ,16,Улица 1905 года,Lucky
GloraX,developer,https://www.cian.ru/sale/flat/303476998/,Москва,sale,flat,3,21,2,75.3,38089999.0,Беговой, 1-я Ямского Поля,28С3,Белорусская,GloraX Premium Белорусская
Whitewill,real_estate_agent,https://www.cian.ru/sale/flat/294872333/,Москва,sale,flat,17,18,2,117.0,179000000.0,Пресненский,2-я Звенигородская ,11,Улица 1905 года,Резиденция МОНЭ
Пионер,developer,https://www.cian.ru/sale/flat/301460245/,Москва,sale,flat,7,39,2,36.0,27793764.0,Даниловский,,,Павелецкая,Хай Лайф ЖК
Whitewill,real_estate_agent,https://www.cian.ru/sale/flat/300701528/,Москва,sale,flat,11,41,2,67.1,33000000.0,Хорошево-Мневники,Шелепихинская набережная,34к6,Шелепиха,Сердце Столицы
Ташир,developer,https://www.cian.ru/sale/flat/302722354/,Москва,sale,flat,2,16,2,46.8,23868000.0,Даниловский, Серпуховский Вал,1,Тульская,DECO RESIDENCE (Апартаменты премиум-класса)
Whitewill,real_estate_agent,https://www.cian.ru/sale/flat/302177521/,Москва,sale,flat,3,15,2,58.54,65000000.0,Пресненский, Костикова,4к4,Улица 1905 года,Lucky
Prime Life Development,developer,https://www.cian.ru/sale/flat/299132492/,Москва,sale,flat,6,28,2,59.76,29898807.0,Нагатино-Садовники,Нагатинская ,к1вл1,Нагатинская,Первый Нагатинский
ЗАПАДНЫЙ САД,real_estate_agent,https://www.cian.ru/sale/flat/303321179/,Москва,sale,flat,7,14,2,69.0,36799000.0,Раменки,проспект Генерала Дорохова,39к1В,Минская,Собрание клубных домов West Garden
VESPER,developer,https://www.cian.ru/sale/flat/289484529/,Москва,sale,flat,8,9,1,64.5,89010000.0,Тверской,1-я Тверская-Ямская ,2,Маяковская,Vesper Tverskaya
Homeapp,real_estate_agent,https://www.cian.ru/sale/flat/302203106/,Москва,sale,flat,8,19,1,30.8,20750000.0,Беговой,Ленинградский проспект,29к3,Динамо,Царская площадь
MR Group,developer,https://www.cian.ru/sale/flat/294196808/,Москва,sale,flat,33,41,2,75.2,38352000.0,Филевский парк,Багратионовский проезд,5Ак1,Фили,Filicity
ZAPAD REALTY - офис Маршала Жукова,real_estate_agent,https://www.cian.ru/sale/flat/303919506/,Москва,sale,flat,22,43,1,44.0,29300000.0,Хорошево-Мневники,Шелепихинская набережная,34к6,Шелепиха,Сердце Столицы
Трансстройинвест,developer,https://www.cian.ru/sale/flat/301764354/,Москва,sale,flat,2,8,2,63.6,88149600.0,Мещанский,Большой Кисельный переулок,11/2с2,Тургеневская,Frank's house
Whitewill,real_estate_agent,https://www.cian.ru/sale/flat/303753508/,Москва,sale,flat,37,37,1,48.0,42000000.0,Хорошевский,Ленинградский проспект,37/6,Аэропорт,Прайм Парк
Главстрой,developer,https://www.cian.ru/sale/flat/296921064/,Москва,sale,flat,2,16,1,45.0,22374675.0,Филевский парк,Береговой проезд,2,Народное Ополчение,Береговой-2
Whitewill,real_estate_agent,https://www.cian.ru/sale/flat/301782648/,Москва,sale,flat,10,21,1,65.0,65000000.0,Пресненский, Костикова,4к1,Улица 1905 года,Lucky
Главстрой,developer,https://www.cian.ru/sale/flat/301772285/,Москва,sale,flat,2,8,1,44.6,18727540.0,Котловка,31/2,31/2,Профсоюзная,Новые Академики ЖК
Whitewill Москва-Сити,real_estate_agent,https://www.cian.ru/sale/flat/299330003/,Москва,sale,flat,63,66,1,86.0,96000000.0,Пресненский,1-й Красногвардейский проезд,22,Деловой центр,NEVA TOWERS
Пионер,developer,https://www.cian.ru/sale/flat/301459888/,Москва,sale,flat,6,18,2,48.4,36526254.0,Донской,2-й Донской проезд,10,Ленинский проспект,SHIFT
ID 109135729,realtor,https://www.cian.ru/sale/flat/303087972/,Москва,sale,flat,3,21,2,58.54,61000000.0,Пресненский, Костикова,4к1,Улица 1905 года,Lucky
MR Group,developer,https://www.cian.ru/sale/flat/299093496/,Москва,sale,flat,18,41,1,37.7,23930985.0,Даниловский,Дубининская ,59к7,Серпуховская,Павелецкая Сити
HYDE Residences,real_estate_agent,https://www.cian.ru/sale/flat/303400078/,Москва,sale,flat,35,78,2,82.0,55600000.0,Пресненский,1-й Красногвардейский проезд,22с2,Москва-Сити,NEVA TOWERS
MR Group,developer,https://www.cian.ru/sale/flat/303880112/,Москва,sale,flat,2,54,2,59.94,29490480.0,Хорошево-Мневники,,,Полежаевская,Джойс ЖК
BARNES International Realty,real_estate_agent,https://www.cian.ru/sale/flat/301165914/,Москва,sale,flat,7,24,1,49.0,21500000.0,Хорошево-Мневники, Народного Ополчения,11,Народное Ополчение,Wellton park
Основа,developer,https://www.cian.ru/sale/flat/292154031/,Москва,sale,flat,6,28,2,41.3,17065160.0,Хорошево-Мневники,,,Полежаевская,Эмоушен ЖК
Kalinka Group,real_estate_agent,https://www.cian.ru/sale/flat/303060724/,Москва,sale,flat,8,32,2,63.4,51000000.0,Дорогомилово,Поклонная ,9,Поклонная,Поклонная 9
КОРТРОС,developer,https://www.cian.ru/sale/flat/296640150/,Москва,sale,flat,5,49,2,59.19,23143290.0,Марьина роща,,,Марьина Роща,Тэйт ЖК
Космополис,real_estate_agent,https://www.cian.ru/sale/flat/303570625/,Москва,sale,flat,12,12,2,45.6,9750000.0,Бибирево,Белозерская ,1А,Алтуфьево,
Sminex,developer,https://www.cian.ru/sale/flat/299801831/,Москва,sale,flat,2,23,2,56.0,56130000.0,Пресненский,,,Улица 1905 года,Лайф Тайм ЖК
Whitewill,real_estate_agent,https://www.cian.ru/sale/flat/300983679/,Москва,sale,flat,13,21,2,80.3,54900000.0,Раменки,Мосфильмовская ,88к4,Раменки,Мосфильмовский
Sminex,developer,https://www.cian.ru/sale/flat/294328854/,Москва,sale,flat,3,6,2,120.3,226580000.0,Басманный,Потаповский переулок,5С4,Чистые пруды,Чистые Пруды
ZAPAD REALTY - офис Маршала Жукова,real_estate_agent,https://www.cian.ru/sale/flat/302362462/,Москва,sale,flat,13,36,2,64.0,40900000.0,Хорошево-Мневники,Шелепихинская набережная,34к3зд6,Шелепиха,Сердце Столицы
Центр-Инвест,developer,https://www.cian.ru/sale/flat/298329474/,Москва,sale,flat,7,9,2,69.9,69134455.0,Таганский,Серебрянический переулок,8,Китай-город,Титул на Серебрянической
ZAPAD REALTY - офис Маршала Жукова,real_estate_agent,https://www.cian.ru/sale/flat/300862129/,Москва,sale,flat,24,24,2,58.0,38950000.0,Хорошево-Мневники,Шелепихинская набережная,34к3,Шелепиха,Сердце Столицы
Tekta Group,developer,https://www.cian.ru/sale/flat/303224373/,Москва,sale,flat,7,34,1,30.0,16284000.0,Обручевский,,,Воронцовская,Эвер ЖК
Point Estate Город,real_estate_agent,https://www.cian.ru/sale/flat/299551213/,Москва,sale,flat,4,4,2,59.9,48000000.0,Пресненский,Малый Козихинский переулок,8/18,Пушкинская,
Пионер,developer,https://www.cian.ru/sale/flat/303979491/,Москва,sale,flat,4,25,2,56.59,23201273.0,Москворечье-Сабурово,,,Варшавская,Лайф Варшавская ЖК
NIKA ESTATE,real_estate_agent,https://www.cian.ru/sale/flat/299655879/,Москва,sale,flat,14,24,2,46.0,31000000.0,Очаково-Матвеевское,Нежинская ,5к2,Матвеевская,Городские резиденции SPIRES
Донстрой,developer,https://www.cian.ru/sale/flat/304095700/,Москва,sale,flat,3,16,2,81.6,60024960.0,Раменки, Сергея Бондарчука,2,Мичуринский проспект,Река
Whitewill,real_estate_agent,https://www.cian.ru/sale/flat/295983268/,Москва,sale,flat,44,44,2,86.3,42000000.0,Хорошево-Мневники, Шеногина,,Шелепиха,Sydney City
LEGENDA Intelligent Development,developer,https://www.cian.ru/sale/flat/301551495/,Москва,sale,flat,7,34,2,59.1,,Левобережный,Ленинградское шоссе,,Беломорская,Северный порт. Береговые кварталы
Intermark Real Estate,real_estate_agent,https://www.cian.ru/sale/flat/296711017/,Москва,sale,flat,6,12,2,52.0,30000000.0,Аэропорт,Ленинградский проспект,36с36,Динамо,ВТБ Арена парк
Группа Родина,developer,https://www.cian.ru/sale/flat/304258048/,Москва,sale,flat,5,14,2,41.0,21827500.0,Можайский,,,Давыдково,Родина Парк ЖК
ФСК Агент,real_estate_agent,https://www.cian.ru/sale/flat/301804977/,Москва,sale,flat,5,29,2,49.3,25990000.0,Хорошево-Мневники,,,Шелепиха,Сидней Сити ЖК
MR Group,developer,https://www.cian.ru/sale/flat/300288766/,Москва,sale,flat,40,54,1,29.14,19101464.0,Савеловский,2-я Хуторская ,34,Дмитровская,SYMPHONY 34
Барно Турсунова,realtor,https://www.cian.ru/sale/flat/304102478/,Москва,sale,flat,7,17,2,50.9,15480000.0,Останкинский,Березовая аллея,19к6,Ботанический сад,Апарт-комплекс Легендарный квартал
Tekta Group,developer,https://www.cian.ru/sale/flat/301260582/,Москва,sale,flat,14,27,1,28.1,19453630.0,Даниловский,,,Павелецкая,Era
HOUSE MALL - Городская недвижимость,real_estate_agent,https://www.cian.ru/sale/flat/299203876/,Москва,sale,flat,2,10,1,35.0,13100000.0,Ростокино,проспект Мира,188Бк2,Ростокино,Триколор
Рублево-Архангельское,developer,https://www.cian.ru/sale/flat/301919439/,Москва,sale,flat,2,10,1,42.4,18020000.0,,,В17 кв-л,Опалиха,Сберсити ЖК
Whitewill,real_estate_agent,https://www.cian.ru/sale/flat/300610100/,Москва,sale,flat,3,24,2,70.0,46500000.0,Хорошево-Мневники,Шелепихинская набережная,34к3зд7,Шелепиха,Сердце Столицы
Мангазея,developer,https://www.cian.ru/sale/flat/302850687/,Москва,sale,flat,4,21,1,48.0,24209040.0,Щукино,Щукинская ,3,Щукинская,Интонация
Kalinka Group,real_estate_agent,https://www.cian.ru/sale/flat/299888104/,Москва,sale,flat,44,65,1,52.0,41000000.0,Пресненский,1-й Красногвардейский проезд,22с1,Москва-Сити,NEVA TOWERS
Upside Development,developer,https://www.cian.ru/sale/flat/303215966/,Москва,sale,flat,11,12,2,77.0,47740000.0,Даниловский,2-я Рощинская ,1,Тульская,Данилов дом
Ордер,real_estate_agent,https://www.cian.ru/sale/flat/280751407/,Москва,sale,flat,4,7,1,33.56,5600000.0,, Луговая,,Рассказовка,Эдельвейс
Рублево-Архангельское,developer,https://www.cian.ru/sale/flat/298849163/,Москва,sale,flat,3,10,1,45.5,23596300.0,,,В14 кв-л,Павшино,Сберсити ЖК
HYDE Residences,real_estate_agent,https://www.cian.ru/sale/flat/301809971/,Москва,sale,flat,58,78,2,75.0,45000000.0,Пресненский,1-й Красногвардейский проезд,22с2,Москва-Сити,NEVA TOWERS
РГ-Девелопмент,developer,https://www.cian.ru/sale/flat/292534789/,Москва,sale,flat,2,25,2,54.5,18393750.0,Соколиная гора,,,Соколиная гора,Семеновский Парк 2 ЖК
Intermark Real Estate,real_estate_agent,https://www.cian.ru/sale/flat/303564346/,Москва,sale,flat,3,20,2,56.6,64186000.0,Пресненский,2-я Звенигородская ,16,Улица 1905 года,Lucky
Capital Group,developer,https://www.cian.ru/sale/flat/301482894/,Москва,sale,flat,11,18,2,45.8,56907301.0,Дорогомилово,,,Москва-Сити,Бадаевский ЖК
Intermark Real Estate,real_estate_agent,https://www.cian.ru/sale/flat/297935793/,Москва,sale,flat,3,5,2,52.0,39000000.0,Донской,4-й Верхний Михайловский проезд,4к1,Шаболовская,
COLDY,developer,https://www.cian.ru/sale/flat/303330139/,Москва,sale,flat,2,15,1,35.27,28877924.0,Даниловский, Серпуховский Вал,7с16,Тульская,Дом 7 Даниловский
HYDE Residences,real_estate_agent,https://www.cian.ru/sale/flat/303291308/,Москва,sale,flat,50,78,2,64.0,45000000.0,Пресненский,1-й Красногвардейский проезд,22с2,Москва-Сити,NEVA TOWERS
PIONEER,developer,https://www.cian.ru/sale/flat/303709179/,Москва,sale,flat,9,22,1,31.0,16667801.0,Марьина роща,Полковая ,1С12,Савёловская,PRIDE
Whitewill,real_estate_agent,https://www.cian.ru/sale/flat/301042658/,Москва,sale,flat,24,79,1,72.0,63000000.0,Пресненский,1-й Красногвардейский проезд,22с1,Москва-Сити,NEVA TOWERS
Рублево-Архангельское,developer,https://www.cian.ru/sale/flat/299137613/,Москва,sale,flat,4,12,1,45.87,23045088.0,,,В19 кв-л,Павшино,Сберсити ЖК
PROНЕДВИЖИМОСТЬ,real_estate_agent,https://www.cian.ru/sale/flat/303633126/,Москва,sale,flat,8,9,2,41.0,11290000.0,Люблино, Верхние Поля,7К2,Братиславская,
Рублево-Архангельское,developer,https://www.cian.ru/sale/flat/300423805/,Москва,sale,flat,2,13,1,56.19,26499204.0,,,В21 кв-л,Опалиха,Сберсити ЖК
Kalinka Group,real_estate_agent,https://www.cian.ru/sale/flat/297313098/,Москва,sale,flat,3,21,2,56.6,65090000.0,Пресненский,2-я Звенигородская ,16,Улица 1905 года,Lucky
Пионер,developer,https://www.cian.ru/sale/flat/301459957/,Москва,sale,flat,4,11,1,56.1,52874642.0,Даниловский,,,Павелецкая,Опус ЖК
Whitewill,real_estate_agent,https://www.cian.ru/sale/flat/302626552/,Москва,sale,flat,18,79,2,71.8,50000000.0,Пресненский,1-й Красногвардейский проезд,22с2,Москва-Сити,NEVA TOWERS
VOS HOD,developer,https://www.cian.ru/sale/flat/300560439/,Москва,sale,flat,8,17,2,71.8,43991860.0,Филевский парк, Василисы Кожиной,вл25/1,Филёвский парк,AHEAD
Whitewill,real_estate_agent,https://www.cian.ru/sale/flat/287929947/,Москва,sale,flat,7,22,2,75.0,40000000.0,Раменки,Минская ,1ГК1,Ломоносовский проспект,Золотые Ключи 2
MR Group,developer,https://www.cian.ru/sale/flat/303224692/,Москва,sale,flat,12,44,2,61.78,29208367.0,Марьина роща, 4-я Марьиной рощи,12К3,Марьина Роща,Mod
Этажи Москва,real_estate_agent,https://www.cian.ru/sale/flat/300179482/,Москва,sale,flat,8,15,1,36.56,7300000.0,, Уточкина,4,Силикатная,
Forma,developer,https://www.cian.ru/sale/flat/300887190/,Москва,sale,flat,4,27,2,64.0,27504000.0,Аэропорт,Часовая ,28к8,Сокол,SOUL
Unique,real_estate_agent,https://www.cian.ru/sale/flat/287678758/,Москва,sale,flat,4,26,1,46.0,32000000.0,Очаково-Матвеевское,Нежинская ,5к2,Давыдково,Городские резиденции SPIRES
Галс-Девелопмент,developer,https://www.cian.ru/sale/flat/303040538/,Москва,sale,flat,5,8,1,48.3,36852900.0,Замоскворечье,Шлюзовая набережная,2/1С1,Павелецкая,Элитный жилой комплекс 
CENTURY 21 Столичная недвижимость,real_estate_agent,https://www.cian.ru/sale/flat/304325396/,Москва,sale,flat,9,17,2,62.8,12000000.0,Некрасовка, Недорубова,20к2,Некрасовка,Некрасовка
Среда,developer,https://www.cian.ru/sale/flat/303626069/,Москва,sale,flat,3,27,1,35.3,14988380.0,Очаково-Матвеевское,Очаково мкр,,Аминьевская,Среда на Лобачевского
FS PROPERTY,real_estate_agent,https://www.cian.ru/sale/flat/301355208/,Москва,sale,flat,6,6,2,145.5,158642639.0,Якиманка, Большая Полянка,61С2,Добрынинская,
FORMA,developer,https://www.cian.ru/sale/flat/303018405/,Москва,sale,flat,18,33,2,46.45,41753905.0,Пресненский,к2.3,к2.3,Белорусская,Репаблик ЖК
Этажи Москва,real_estate_agent,https://www.cian.ru/sale/flat/298908775/,Москва,sale,flat,3,9,2,58.1,15500000.0,, Александры Монаховой,88к2,Бунинская аллея,
РГ-Девелопмент,developer,https://www.cian.ru/sale/flat/300921483/,Москва,sale,flat,2,19,2,62.8,25170240.0,Савеловский,Старый Петровско-Разумовский проезд,1/23С5,Гражданская,Петровский парк II
One Moscow,real_estate_agent,https://www.cian.ru/sale/flat/303296300/,Москва,sale,flat,38,68,2,72.5,78000000.0,Пресненский,1-й Красногвардейский проезд,22с1,Москва-Сити,NEVA TOWERS
Галс-Девелопмент,developer,https://www.cian.ru/sale/flat/303040411/,Москва,sale,flat,5,23,1,47.6,22086400.0,Басманный, Фридриха Энгельса,56,Бауманская,Премиум-квартал 
Дмитрий Воронин,realtor,https://www.cian.ru/sale/flat/304297549/,Москва,sale,flat,7,15,2,51.6,16400000.0,, Василия Ощепкова,4,Коммунарка,Москвичка
Sminex,developer,https://www.cian.ru/sale/flat/293713671/,Москва,sale,flat,2,14,1,72.6,133830000.0,Якиманка,,,Полянка,Лаврушинский ЖК
Whitewill Москва-Сити,real_estate_agent,https://www.cian.ru/sale/flat/301716912/,Москва,sale,flat,48,64,2,104.0,88000000.0,Пресненский,набережная Пресненская,8с1,Деловой центр,Город Столиц
СТ Тауэрс,developer,https://www.cian.ru/sale/flat/302833885/,Москва,sale,flat,42,66,2,67.4,64704000.0,Пресненский,1-й Красногвардейский проезд,22с1,Москва-Сити,NEVA TOWERS
PEOPLE,real_estate_agent,https://www.cian.ru/sale/flat/301404169/,Москва,sale,flat,3,14,2,44.0,36500000.0,Раменки,проспект Генерала Дорохова,39к1Б,Минская,Собрание клубных домов West Garden
Центр-Инвест,representative_developer,https://www.cian.ru/sale/flat/304087556/,Москва,sale,flat,7,15,2,40.8,24984579.0,Раменки,Винницкая ,8к3,Раменки,Настоящее
Whitewill,real_estate_agent,https://www.cian.ru/sale/flat/301362196/,Москва,sale,flat,3,15,1,65.0,61000000.0,Раменки,Мосфильмовская ,31А,Ломоносовский проспект,KING & SONS
Рублево-Архангельское,developer,https://www.cian.ru/sale/flat/291868741/,Москва,sale,flat,3,13,1,54.02,30299818.0,,,В20 кв-л,Павшино,Сберсити ЖК
ID 413522,realtor,https://www.cian.ru/sale/flat/303087594/,Москва,sale,flat,7,14,2,95.0,164990000.0,Хамовники, Усачева,15А,Спортивная,Садовые кварталы
Абсолют Недвижимость,developer,https://www.cian.ru/sale/flat/304065730/,Москва,sale,flat,7,18,1,49.8,53036000.0,Хамовники,,,Воробьёвы горы,Коллекция Лужники ЖК
PROНЕДВИЖИМОСТЬ,real_estate_agent,https://www.cian.ru/sale/flat/303202031/,Москва,sale,flat,2,25,2,41.3,12200000.0,Орехово-Борисово Южное,Ясеневая ,12к2,Домодедовская,Ясеневая 14
Галс-Девелопмент,developer,https://www.cian.ru/sale/flat/303040427/,Москва,sale,flat,4,6,1,51.2,57190400.0,Замоскворечье,Космодамианская набережная,4/22С9,Новокузнецкая,Клубный дом Космо 4/22
BERI,real_estate_agent,https://www.cian.ru/sale/flat/303866591/,Москва,sale,flat,4,5,2,42.8,11500000.0,Новогиреево,Мартеновская ,16/36,Новогиреево,
Hutton Development,developer,https://www.cian.ru/sale/flat/304286459/,Москва,sale,flat,2,6,1,48.3,95634000.0,Якиманка,Софийская набережная,34С3,Новокузнецкая,Клубный дом DUO
BERI,real_estate_agent,https://www.cian.ru/sale/flat/303817562/,Москва,sale,flat,3,9,2,47.0,12490000.0,Орехово-Борисово Южное,Домодедовская ,33,Домодедовская,
Hutton Development,developer,https://www.cian.ru/sale/flat/299066778/,Москва,sale,flat,4,17,2,87.6,50808000.0,Гагаринский,Ленинский проспект,38,Ленинский проспект,Lunar
BERI,real_estate_agent,https://www.cian.ru/sale/flat/303810531/,Москва,sale,flat,5,8,2,44.7,14990000.0,Донской,Варшавское шоссе,18К3,Верхние котлы,
Regions Development,developer,https://www.cian.ru/sale/flat/304206346/,Москва,sale,flat,2,16,2,40.18,17672797.0,Преображенское,Жилой комплекс Преображенская площадь,,Преображенская площадь,Преображенская площадь
PROНЕДВИЖИМОСТЬ,real_estate_agent,https://www.cian.ru/sale/flat/303780364/,Москва,sale,flat,4,9,1,33.0,11900000.0,Нагатинский затон,Судостроительная ,6,Коломенская,
РГ-Девелопмент,developer,https://www.cian.ru/sale/flat/302795522/,Москва,sale,flat,2,20,2,36.0,13795200.0,Головинский,Михалковская ,48С4,Коптево,Михалковский
Life Style,real_estate_agent,https://www.cian.ru/sale/flat/303790635/,Москва,sale,flat,10,15,1,38.3,8950000.0,Крюково,Зеленоград,к2033,Зеленоград — Крюково,
Regions Development,developer,https://www.cian.ru/sale/flat/304060672/,Москва,sale,flat,2,23,1,57.5,,Нагатинский затон,проспект Андропова,9/1,Технопарк,Dream Towers
BERI,real_estate_agent,https://www.cian.ru/sale/flat/303814205/,Москва,sale,flat,2,9,1,34.1,20490000.0,Красносельский,переулок Даев,12/16,Сухаревская,
MR Group,developer,https://www.cian.ru/sale/flat/303451581/,Москва,sale,flat,11,29,2,55.8,21011728.0,Южнопортовый,Волгоградский проспект,32/3к4,Дубровка,Метрополия
Unique,real_estate_agent,https://www.cian.ru/sale/flat/303783084/,Москва,sale,flat,6,9,2,60.0,18000000.0,, Ясеневая,1к1,Ольховая,
КОРТРОС,developer,https://www.cian.ru/sale/flat/289743607/,Москва,sale,flat,33,41,2,66.47,32756416.0,Пресненский,Шелепихинское шоссе,,Шелепиха,Headliner
Никита Пучинин,realtor,https://www.cian.ru/sale/flat/304173925/,Москва,sale,flat,25,43,1,35.0,24450000.0,Хорошево-Мневники,Шелепихинская набережная,40к1,Шелепиха,Sydney City
Sminex,developer,https://www.cian.ru/sale/flat/303125654/,Москва,sale,flat,8,14,1,44.6,26190000.0,Раменки,проспект Генерала Дорохова,39к2Л,Ломоносовский проспект,Собрание клубных домов West Garden
BERI,real_estate_agent,https://www.cian.ru/sale/flat/303274502/,Москва,sale,flat,3,9,1,32.1,12690000.0,Южнопортовый,5-я Кожуховская ,22К2,Кожуховская,
Level Group,developer,https://www.cian.ru/sale/flat/296357478/,Москва,sale,flat,24,26,2,41.8,,Нагатино-Садовники,Нагатинская набережная,10А,Нагатинская,Level Нагатинская
ID 107328710,realtor,https://www.cian.ru/sale/flat/296723055/,Москва,sale,flat,9,9,2,49.0,36000000.0,Арбат,Смоленская ,10,Смоленская,
Стадион Спартак,developer,https://www.cian.ru/sale/flat/292442347/,Москва,sale,flat,3,13,1,45.4,23081360.0,Покровское-Стрешнево,Северо-Западный ао,,Спартак,Клубный Город на Реке Примавера ЖК
Whitewill,real_estate_agent,https://www.cian.ru/sale/flat/299107582/,Москва,sale,flat,5,6,2,94.0,111110000.0,Замоскворечье,Садовническая набережная,7,Новокузнецкая,BALCHUG VIEWPOINT
MR Group,developer,https://www.cian.ru/sale/flat/302792284/,Москва,sale,flat,7,13,1,94.3,164419405.0,Мещанский,Садовая-Сухаревская ,14,Цветной бульвар,Клубный дом Forum
Verges of estate,real_estate_agent,https://www.cian.ru/sale/flat/302141509/,Москва,sale,flat,17,47,2,63.5,28000000.0,Обручевский, Академика Волгина,2С3,Воронцовская,Архитектор
MR Group,developer,https://www.cian.ru/sale/flat/298871363/,Москва,sale,flat,2,48,2,52.6,18852892.0,Покровское-Стрешнево,Вишневая ,7С128,Тушинская,Мультиквартал CITYZEN
Whitewill Москва-Сити,real_estate_agent,https://www.cian.ru/sale/flat/300577056/,Москва,sale,flat,35,78,2,83.0,63000000.0,Пресненский,1-й Красногвардейский проезд,22,Деловой центр,NEVA TOWERS
TOUCH,developer,https://www.cian.ru/sale/flat/302838481/,Москва,sale,flat,6,13,2,60.31,35498000.0,Южнопортовый,,к3,Дубровка,Шампайн ЖК
Whitewill Москва-Сити,real_estate_agent,https://www.cian.ru/sale/flat/280116651/,Москва,sale,flat,62,77,2,111.0,149000000.0,Пресненский,1-й Красногвардейский проезд,22,Деловой центр,NEVA TOWERS
Концерн КРОСТ,developer,https://www.cian.ru/sale/flat/299370745/,Москва,sale,flat,2,6,1,39.0,19500000.0,Хорошево-Мневники, Саляма Адиля,2А,Народное Ополчение,Wellton SPA Residence
Intermark Real Estate,real_estate_agent,https://www.cian.ru/sale/flat/302999320/,Москва,sale,flat,4,8,2,69.8,60372337.0,Хамовники,Смоленский бульвар,22/14,Смоленская,
СИТИ21,developer,https://www.cian.ru/sale/flat/301300201/,Москва,sale,flat,15,15,1,36.4,24504472.0,Останкинский,проспект Мира,95,Алексеевская,Hill8
TimeProperty,real_estate_agent,https://www.cian.ru/sale/flat/292945866/,Москва,sale,flat,5,15,2,57.4,33000000.0,Якиманка, Шаболовка,23к2,Шаболовская,Созвездие Капитал-1
COLDY,developer,https://www.cian.ru/sale/flat/297997304/,Москва,sale,flat,2,14,1,101.91,183834633.0,Хамовники,переулок 1-й Тружеников,12,Киевская,Хамовники 12
Intermark Real Estate,real_estate_agent,https://www.cian.ru/sale/flat/290380827/,Москва,sale,flat,2,6,2,107.0,162168031.0,Таганский,Серебряническая набережная,19,Чкаловская,АртХаус
ASTERUS,representative_developer,https://www.cian.ru/sale/flat/299661848/,Москва,sale,flat,2,14,2,57.0,28160045.0,Покровское-Стрешнево,,,Тушинская,Алиа ЖК
Intermark Real Estate,real_estate_agent,https://www.cian.ru/sale/flat/271842660/,Москва,sale,flat,3,9,2,65.0,88134799.0,Пресненский,Большая Бронная ,9/1,Пушкинская,
MR Group,developer,https://www.cian.ru/sale/flat/301223453/,Москва,sale,flat,2,39,2,60.57,21980883.0,Западное Дегунино,Северный ао,,Селигерская,Селигер Сити ЖК
TimeProperty,real_estate_agent,https://www.cian.ru/sale/flat/296060335/,Москва,sale,flat,51,53,2,37.4,19500000.0,Очаково-Матвеевское,,к1,Мичуринский проспект,Левел Мичуринский ЖК
Мангазея,developer,https://www.cian.ru/sale/flat/304059488/,Москва,sale,flat,24,41,2,64.1,28415530.0,Даниловский,Большая Тульская ,10С5,Тульская,Мангазея на Тульской
Intermark Real Estate,real_estate_agent,https://www.cian.ru/sale/flat/290380842/,Москва,sale,flat,33,73,2,103.0,110000000.0,Пресненский,набережная Пресненская,8с1,Деловой центр,Город Столиц
Sense Development,developer,https://www.cian.ru/sale/flat/298147711/,Москва,sale,flat,12,13,1,43.7,27609617.0,Даниловский,Подольское шоссе,3,Тульская,Logos
Артем Ченцов,realtor,https://www.cian.ru/sale/flat/302772342/,Москва,sale,flat,9,30,2,49.8,26000000.0,Хорошево-Мневники,Шелепихинская набережная,40к3,Хорошёвская,Sydney City
КРОСТ,developer,https://www.cian.ru/sale/flat/296745539/,Москва,sale,flat,21,28,1,36.9,18117900.0,Хорошево-Мневники, Генерала Глаголева,,,CRYSTAL Трилогия
СОВКОМБАНК,official_representative,https://www.cian.ru/sale/flat/297233032/,Москва,sale,flat,12,12,1,39.0,9700000.0,Гольяново,Уральская ,1,Щёлковская,
Трансстройинвест,developer,https://www.cian.ru/sale/flat/299589652/,Москва,sale,flat,2,24,1,43.5,17768630.0,Очаково-Матвеевское,Мичуринский проспект,72А,Озёрная,ОМ
BARNES International Realty,real_estate_agent,https://www.cian.ru/sale/flat/294511036/,Москва,sale,flat,4,23,2,90.6,45000000.0,Хорошевский, Гризодубовой,2,ЦСКА,Гранд-парк
ДОНСТРОЙ,developer,https://www.cian.ru/sale/flat/304095566/,Москва,sale,flat,2,49,2,67.2,29749440.0,Раменки,Кинематографический кв-л,,Мичуринский проспект,Событие ЖК
Whitewill,real_estate_agent,https://www.cian.ru/sale/flat/301520504/,Москва,sale,flat,2,21,2,116.0,142000000.0,Пресненский, Костикова,4к3,Улица 1905 года,Lucky
Трансстройинвест,developer,https://www.cian.ru/sale/flat/296222970/,Москва,sale,flat,17,22,2,58.9,29460366.0,Останкинский,проезд Ольминского,4,ВДНХ,Сенатор
ЛюксДом,real_estate_agent,https://www.cian.ru/sale/flat/301628710/,Москва,sale,flat,2,5,2,75.1,84500000.0,Замоскворечье,Большой Ордынский переулок,4С4,Третьяковская,Собрание клубных домов ORDYNKA
Основа,developer,https://www.cian.ru/sale/flat/304303445/,Москва,sale,flat,3,5,2,38.1,,Марфино,Ботаническая ,29К1,Владыкино,VERY
BARNES International Realty,real_estate_agent,https://www.cian.ru/sale/flat/301353911/,Москва,sale,flat,5,7,2,69.7,100564740.0,Арбат,Поварская ,8/1к1,Арбатская,De Luxe квартал апартаментов 
MR Group,developer,https://www.cian.ru/sale/flat/298874818/,Москва,sale,flat,5,36,1,40.8,28362079.0,Беговой,Ленинградский проспект,вл8,Белорусская,Slava
Никита Гаврилов,realtor,https://www.cian.ru/sale/flat/303910013/,Москва,sale,flat,5,17,2,58.0,19150000.0,Марьино,Новочеркасский бульвар,47,Марьино,
Forma,developer,https://www.cian.ru/sale/flat/303666807/,Москва,sale,flat,7,25,2,69.3,29650420.0,Печатники,Южнопортовая ,,Печатники,Portland
PROНЕДВИЖИМОСТЬ,real_estate_agent,https://www.cian.ru/sale/flat/303779368/,Москва,sale,flat,9,12,1,35.0,10200000.0,Новогиреево,Союзный проспект,20К1,Новогиреево,
Концерн КРОСТ,developer,https://www.cian.ru/sale/flat/298380294/,Москва,sale,flat,4,19,2,62.1,27572400.0,Щукино, Ротмистрова,2,Октябрьское поле,Театральный квартал
ID 101525579,homeowner,https://www.cian.ru/sale/flat/302073637/,Москва,sale,flat,2,5,2,48.0,28900000.0,Пресненский, Юлиуса Фучика,2/30,Маяковская,
Level Group,developer,https://www.cian.ru/sale/flat/301556999/,Москва,sale,flat,29,31,2,40.2,,Западное Дегунино,Северный ао,к3,Верхние Лихоборы,Левел Селигерская ЖК
Лофт Инвест,real_estate_agent,https://www.cian.ru/sale/flat/299893948/,Москва,sale,flat,5,16,2,38.9,10990000.0,Отрадное,Алтуфьевское шоссе,2,Владыкино,
Колди,developer,https://www.cian.ru/sale/flat/304249322/,Москва,sale,flat,4,21,2,43.29,12125294.0,Нижегородский,,,Калитники,Н'айс Лофт ЖК
Whitewill,real_estate_agent,https://www.cian.ru/sale/flat/300015723/,Москва,sale,flat,20,39,2,64.0,37000000.0,Раменки, Лобачевского,120к1,Аминьевская,Крылья
MR Group,developer,https://www.cian.ru/sale/flat/282209329/,Москва,sale,flat,2,57,1,42.52,24463584.0,Филевский парк,,,Фили,Фили Сити ЖК
Whitewill,real_estate_agent,https://www.cian.ru/sale/flat/290001136/,Москва,sale,flat,2,6,2,75.0,84750000.0,Замоскворечье,Большой Ордынский переулок,4С4,Третьяковская,Собрание клубных домов ORDYNKA
Группа Родина,developer,https://www.cian.ru/sale/flat/293156291/,Москва,sale,flat,2,24,1,40.3,23694900.0,Ростокино,,к3,Ботанический сад,Союз ЖК
PEOPLE,real_estate_agent,https://www.cian.ru/sale/flat/303476285/,Москва,sale,flat,9,29,2,68.1,40000000.0,Хорошево-Мневники,Шелепихинская набережная,34к4,Шелепиха,Сердце Столицы
Sminex,developer,https://www.cian.ru/sale/flat/303262675/,Москва,sale,flat,20,26,1,35.93,21290000.0,Марфино, Академика Королева,21,Бутырская,Дом Достижение
Whitewill Москва-Сити,real_estate_agent,https://www.cian.ru/sale/flat/299723346/,Москва,sale,flat,63,66,1,86.0,90000000.0,Пресненский,1-й Красногвардейский проезд,22,Деловой центр,NEVA TOWERS
Tekta Group,developer,https://www.cian.ru/sale/flat/303506233/,Москва,sale,flat,8,28,1,39.7,17789570.0,Нагорный,,1,Нагорная,Твелв ЖК
PROНЕДВИЖИМОСТЬ,real_estate_agent,https://www.cian.ru/sale/flat/303779112/,Москва,sale,flat,16,17,1,38.2,9400000.0,Орехово-Борисово Южное,Гурьевский проезд,31К2,Зябликово,
Level Group,developer,https://www.cian.ru/sale/flat/301555238/,Москва,sale,flat,13,24,2,45.6,,Покровское-Стрешнево,Северо-Западный ао,,Тушинская,Левел Стрешнево ЖК
NF Group - ex-Knight Frank,real_estate_agent,https://www.cian.ru/sale/flat/302590858/,Москва,sale,flat,3,8,2,59.3,48800000.0,Даниловский,Хавская ,9,Шаболовская,Residence Hall Шаболовский
Sminex,developer,https://www.cian.ru/sale/flat/304094787/,Москва,sale,flat,3,24,1,51.4,53340000.0,Пресненский,Электрический переулок,1с22,Белорусская,Квартал Тишинский бульвар
Князев и Партнёры,real_estate_agent,https://www.cian.ru/sale/flat/303275971/,Москва,sale,flat,3,13,2,65.6,49800000.0,Пресненский,Большая Садовая ,5к1,Маяковская,Квартал апартаментов Сады Пекина
Основа,developer,https://www.cian.ru/sale/flat/286347121/,Москва,sale,flat,2,29,2,45.7,14422920.0,Черемушки, Наметкина,вл10,Новые Черёмушки,Nametkin Tower
Князев и Партнёры,real_estate_agent,https://www.cian.ru/sale/flat/303397064/,Москва,sale,flat,30,41,2,57.0,30000000.0,Раменки,1-й Сетуньский проезд,вл6,Кутузовская,Hide
GloraX,developer,https://www.cian.ru/sale/flat/303477025/,Москва,sale,flat,4,21,1,53.11,29079999.0,Беговой, 1-я Ямского Поля,28С3,Белорусская,GloraX Premium Белорусская
ЛИДЕР Риэлти,real_estate_agent,https://www.cian.ru/sale/flat/302153674/,Москва,sale,flat,9,41,1,40.4,31500000.0,Хорошевский,Ленинградский проспект,37/6,Аэропорт,Прайм Парк
Пионер,developer,https://www.cian.ru/sale/flat/301460115/,Москва,sale,flat,6,26,1,24.4,19216171.0,Даниловский,,,Павелецкая,Хай Лайф ЖК
EXCLUSIVE CITY,real_estate_agent,https://www.cian.ru/sale/flat/298381402/,Москва,sale,flat,8,21,2,51.0,45000000.0,Пресненский,набережная Пресненская,10с2,Деловой центр,МФК IQ-квартал
St Michael,developer,https://www.cian.ru/sale/flat/303024911/,Москва,sale,flat,16,21,2,58.28,25323650.0,Хорошевский,9Ак7,9Ак7,Полежаевская,Зорге 9 ЖК
ФОРА,real_estate_agent,https://www.cian.ru/sale/flat/302745451/,Москва,sale,flat,6,6,2,64.2,26500000.0,Хорошевский,2-й Хорошевский проезд,9К1,Беговая,
Аеон-Девелопмент,developer,https://www.cian.ru/sale/flat/302037458/,Москва,sale,flat,2,46,2,63.8,43657111.0,Дорогомилово,Кутузовский проезд,16А/1,Фили,River Park Кутузовский
ЛИДЕР Риэлти,real_estate_agent,https://www.cian.ru/sale/flat/303476125/,Москва,sale,flat,13,40,2,47.3,41150000.0,Хорошевский,Ленинградский проспект,37/3,Аэропорт,Прайм Парк
Prime Life Development,developer,https://www.cian.ru/sale/flat/301781621/,Москва,sale,flat,12,25,1,40.2,23056412.0,Нагатино-Садовники,,,Нагатинская,Первый Нагатинский
ЛИДЕР Риэлти,real_estate_agent,https://www.cian.ru/sale/flat/303769583/,Москва,sale,flat,27,41,2,70.0,53900000.0,Хорошевский,Ленинградский проспект,37/5,Аэропорт,Прайм Парк
Level Group,developer,https://www.cian.ru/sale/flat/302985345/,Москва,sale,flat,2,11,2,31.0,,Хорошево-Мневники,Причальный проезд,10А,Шелепиха,Level Причальный
ZAPAD REALTY - офис Маршала Жукова,real_estate_agent,https://www.cian.ru/sale/flat/302301195/,Москва,sale,flat,3,18,2,48.0,31990000.0,Раменки, Янковского,1к2,Аминьевская,Событие
ID 111759195,developer,https://www.cian.ru/sale/flat/296872031/,Москва,sale,flat,19,30,2,37.9,12981470.0,Рязанский,Рязанский проспект,,Окская,balance
ЛИДЕР Риэлти,real_estate_agent,https://www.cian.ru/sale/flat/303615604/,Москва,sale,flat,15,40,2,48.0,43900000.0,Хорошевский,Ленинградский проспект,37/4,ЦСКА,Прайм Парк
Level Group,developer,https://www.cian.ru/sale/flat/302621324/,Москва,sale,flat,2,64,2,34.9,,Хорошево-Мневники,,,Народное Ополчение,Левел Звенигородская ЖК
ЛИДЕР Риэлти,real_estate_agent,https://www.cian.ru/sale/flat/302153579/,Москва,sale,flat,12,41,1,41.9,30900000.0,Хорошевский,Ленинградский проспект,37/6,Аэропорт,Прайм Парк
Level Group,developer,https://www.cian.ru/sale/flat/301565134/,Москва,sale,flat,11,23,2,34.9,,Печатники,,13,Кожуховская,Левел Южнопортовая ЖК
Whitewill,real_estate_agent,https://www.cian.ru/sale/flat/301042655/,Москва,sale,flat,37,79,1,78.0,80000000.0,Пресненский,1-й Красногвардейский проезд,22с1,Москва-Сити,NEVA TOWERS
Трансстройинвест,developer,https://www.cian.ru/sale/flat/296303052/,Москва,sale,flat,3,8,1,62.7,89465815.0,Мещанский,Большой Кисельный переулок,11/2с2,Тургеневская,Frank's house
Monumental Group,real_estate_agent,https://www.cian.ru/sale/flat/300006052/,Москва,sale,flat,2,5,2,103.0,149980000.0,Тверской,Никольская ,10/2С2б,Лубянка,St. Nickolas
Level Group,developer,https://www.cian.ru/sale/flat/303453829/,Москва,sale,flat,2,37,2,37.4,,Нижегородский,,3,Нижегородская,Левел Нижегородская ЖК
Dream Realty,real_estate_agent,https://www.cian.ru/sale/flat/303637932/,Москва,sale,flat,8,28,2,61.6,30000000.0,Раменки,Винницкая ,8к4,Раменки,Настоящее
Центр-Инвест,developer,https://www.cian.ru/sale/flat/299384199/,Москва,sale,flat,2,35,2,43.1,18070574.0,Левобережный,Фестивальная ,15к24/1,Речной вокзал,Фестиваль парк-2
Whitewill,real_estate_agent,https://www.cian.ru/sale/flat/303207257/,Москва,sale,flat,13,21,2,70.0,35500000.0,Филевский парк,Береговой проезд,5к2,Фили,Фили Град
MR Group,developer,https://www.cian.ru/sale/flat/303861522/,Москва,sale,flat,2,54,1,36.06,20713585.0,Хорошево-Мневники,,,Полежаевская,Джойс ЖК
NIKA ESTATE,real_estate_agent,https://www.cian.ru/sale/flat/302747341/,Москва,sale,flat,15,32,2,64.0,59000000.0,Дорогомилово,Поклонная ,9,Поклонная,Поклонная 9
Основа,developer,https://www.cian.ru/sale/flat/293623772/,Москва,sale,flat,6,28,1,43.5,17182500.0,Хорошево-Мневники,,,Полежаевская,Эмоушен ЖК
,,https://www.cian.ru/sale/flat/301960480/,Москва,sale,flat,1,4,2,53.8,9400000.0,Фили-Давыдково, Алексея Свиридова,1,Кунцевская,
КОРТРОС,developer,https://www.cian.ru/sale/flat/302789652/,Москва,sale,flat,14,49,1,40.1,17964800.0,Марьина роща,,,Марьина Роща,Тэйт ЖК
PROНЕДВИЖИМОСТЬ,real_estate_agent,https://www.cian.ru/sale/flat/300032614/,Москва,sale,flat,2,9,2,46.0,10300000.0,Текстильщики,Грайвороновская ,18К3,Текстильщики,
Sminex,developer,https://www.cian.ru/sale/flat/303649388/,Москва,sale,flat,22,23,1,298.3,448200000.0,Пресненский,,,Улица 1905 года,Лайф Тайм ЖК
Dream Realty,real_estate_agent,https://www.cian.ru/sale/flat/302591225/,Москва,sale,flat,9,28,1,34.7,14800000.0,Богородское,Открытое шоссе,14Д,Бульвар Рокоссовского,Талисман на Рокоссовского
Sminex,developer,https://www.cian.ru/sale/flat/294328835/,Москва,sale,flat,3,6,1,78.7,164750000.0,Басманный,Потаповский переулок,5С4,Чистые пруды,Чистые Пруды
Екатерина Боброва,realtor,https://www.cian.ru/sale/flat/303375655/,Москва,sale,flat,10,12,1,38.0,15950000.0,КРАСИВАЯ квартира в шикарном е1-комн. квартира,38 м²,,,
Центр-Инвест,developer,https://www.cian.ru/sale/flat/298329420/,Москва,sale,flat,2,9,1,49.2,50910200.0,Таганский,Серебрянический переулок,6,Китай-город,Титул на Серебрянической
SHOW ME,real_estate_agent,https://www.cian.ru/sale/flat/303527409/,Москва,sale,flat,3,18,1,30.6,10500000.0,Щукино,Большой Волоколамский проезд,23,Стрешнево,Комплекс апартаментов B’aires
Пионер,developer,https://www.cian.ru/sale/flat/301514338/,Москва,sale,flat,3,25,1,38.65,17201278.0,Москворечье-Сабурово,,,Варшавская,Лайф Варшавская ЖК
Kalinka Group,real_estate_agent,https://www.cian.ru/sale/flat/295467334/,Москва,sale,flat,5,10,2,106.2,70000000.0,Хамовники, Пречистенка,40/2С4,Парк Культуры,
Донстрой,developer,https://www.cian.ru/sale/flat/304095698/,Москва,sale,flat,2,16,1,54.7,42086180.0,Раменки, Сергея Бондарчука,2,Мичуринский проспект,Река
One Moscow,real_estate_agent,https://www.cian.ru/sale/flat/302398147/,Москва,sale,flat,15,25,1,39.0,17900000.0,Даниловский,1-я оч.,к13,Технопарк,Shagal
LEGENDA Intelligent Development,developer,https://www.cian.ru/sale/flat/302223488/,Москва,sale,flat,54,57,1,36.2,18060180.0,Левобережный,Ленинградское шоссе,,Беломорская,Северный порт. Береговые кварталы
Центр Недвижимости Татьяны Анисимовой,real_estate_agent,https://www.cian.ru/sale/flat/304069937/,Москва,sale,flat,17,34,1,47.3,20900000.0,Обручевский, Архитектора Власова,71к2ск2,Воронцовская,Ever
Трансстройинвест,developer,https://www.cian.ru/sale/flat/303074070/,Москва,sale,flat,16,32,2,40.8,13984200.0,Рязанский,,,Стахановская,Проспект 39 ЖК
Этажи Москва,real_estate_agent,https://www.cian.ru/sale/flat/301194318/,Москва,sale,flat,16,17,2,37.7,9290000.0,,,к10-11,Бунинская аллея,Эко Бунино ЖК
Forma,developer,https://www.cian.ru/sale/flat/297989289/,Москва,sale,flat,3,20,2,64.29,31495671.0,Даниловский,Автозаводская ,26,Тульская,FORST
PROНЕДВИЖИМОСТЬ,real_estate_agent,https://www.cian.ru/sale/flat/304229312/,Москва,sale,flat,5,24,2,54.7,17500000.0,Обручевский, Обручева,5А,Новаторская,
ДОНСТРОЙ,developer,https://www.cian.ru/sale/flat/304095088/,Москва,sale,flat,2,27,2,55.8,23486220.0,Лефортово,,,Римская,Символ ЖК
Никита Гаврилов,realtor,https://www.cian.ru/sale/flat/303952576/,Москва,sale,flat,4,17,2,55.0,21750000.0,Раменки, Раменки,12,Раменки,
РКС Девелопмент,developer,https://www.cian.ru/sale/flat/301447803/,Москва,sale,flat,2,16,2,55.54,21287149.0,Даниловский,Автозаводская ,24К1,Тульская,Дом на набережной INSIDER
OPN PARTNER,real_estate_agent,https://www.cian.ru/sale/flat/303116228/,Москва,sale,flat,5,22,1,41.0,11200000.0,Бирюлево Восточное,6-я Радиальная ,7/1к2,Царицыно,Царицыно-2
Группа Родина,developer,https://www.cian.ru/sale/flat/293200702/,Москва,sale,flat,11,13,2,47.0,14817000.0,, 1-я Ватутинская,12к2,Ольховая,Russian Design District
BERI,real_estate_agent,https://www.cian.ru/sale/flat/303804363/,Москва,sale,flat,9,9,2,56.3,18490000.0,Филевский парк,Новозаводская ,2к8А,Фили,
Upside Development,developer,https://www.cian.ru/sale/flat/303215964/,Москва,sale,flat,11,12,1,46.2,28644000.0,Даниловский,2-я Рощинская ,1,Тульская,Данилов дом
Князев и Партнёры,real_estate_agent,https://www.cian.ru/sale/flat/303936001/,Москва,sale,flat,17,24,1,29.1,8500000.0,Митино,Митинская ,16,Митино,Апарт-отель YE’S
РГ-Девелопмент,developer,https://www.cian.ru/sale/flat/301301828/,Москва,sale,flat,3,26,1,37.6,14073680.0,Соколиная гора,,,Соколиная гора,Семеновский Парк 2 ЖК
CROCUS ESTATE,real_estate_agent,https://www.cian.ru/sale/flat/303790976/,Москва,sale,flat,13,32,2,77.0,36000000.0,Пресненский,Шмитовский проезд,39к2,Шелепиха,Headliner
Центр-Инвест,developer,https://www.cian.ru/sale/flat/298576242/,Москва,sale,flat,15,22,2,38.4,29255040.0,Красносельский,Большая Спасская ,35,Площадь трёх вокзалов,Dialog
NIKA ESTATE,real_estate_agent,https://www.cian.ru/sale/flat/302397364/,Москва,sale,flat,9,11,2,83.3,37100000.0,Беговой,Ленинградский проспект,35С2,Петровский Парк,Квартал апартаментов Искра-Парк
Capital Group,developer,https://www.cian.ru/sale/flat/301482951/,Москва,sale,flat,12,18,1,48.3,58149819.0,Дорогомилово,,,Москва-Сити,Бадаевский ЖК
NIKA ESTATE,real_estate_agent,https://www.cian.ru/sale/flat/301968601/,Москва,sale,flat,2,6,1,44.3,18606000.0,Таганский,2-й Гончарный переулок,3,Таганская,
MR Group,developer,https://www.cian.ru/sale/flat/303489487/,Москва,sale,flat,2,48,2,56.51,17932824.0,Сокол,шоссе Волоколамское (дублер),,Трикотажная,City Bay
Whitewill,real_estate_agent,https://www.cian.ru/sale/flat/300655937/,Москва,sale,flat,15,29,2,72.0,40000000.0,Хорошево-Мневники,Шелепихинская набережная,40к3,Хорошёвская,Sydney City
Донстрой,developer,https://www.cian.ru/sale/flat/304095278/,Москва,sale,flat,3,18,2,56.1,29906910.0,Хорошево-Мневники,проезд Проектируемый № 1074,,Терехово ,Остров
NF Group - ex-Knight Frank,real_estate_agent,https://www.cian.ru/sale/flat/303766765/,Москва,sale,flat,4,20,2,76.6,62046000.0,Пресненский,Дружинниковская ,15,Краснопресненская,SkyView
Минские холмы,developer,https://www.cian.ru/sale/flat/298045259/,Москва,sale,flat,8,52,2,53.8,21824030.0,Раменки,проспект Генерала Дорохова,вл1к1,Раменки,Will Towers
PANDA ESTATE,real_estate_agent,https://www.cian.ru/sale/flat/299250573/,Москва,sale,flat,4,22,2,55.0,42500000.0,Якиманка,Мытная ,40к1,Октябрьская,Sky House
VOS HOD,developer,https://www.cian.ru/sale/flat/300560437/,Москва,sale,flat,8,17,1,69.3,38918880.0,Филевский парк, Василисы Кожиной,вл25/1,Филёвский парк,AHEAD
Homeapp,real_estate_agent,https://www.cian.ru/sale/flat/302332660/,Москва,sale,flat,11,13,2,83.0,43900000.0,Раменки,Винницкая ,8к2,Раменки,Настоящее
MR Group,developer,https://www.cian.ru/sale/flat/303541823/,Москва,sale,flat,18,44,1,41.34,21971194.0,Марьина роща, 4-я Марьиной рощи,12К3,Марьина Роща,Mod
Whitewill,real_estate_agent,https://www.cian.ru/sale/flat/298140403/,Москва,sale,flat,25,49,2,93.6,41500000.0,Проспект Вернадского, Лобачевского,,Проспект Вернадского,Событие
Forma,developer,https://www.cian.ru/sale/flat/297983503/,Москва,sale,flat,10,29,1,39.0,19664580.0,Аэропорт,Часовая ,28к8,Сокол,SOUL
ID 221886,realtor,https://www.cian.ru/sale/flat/303196246/,Москва,sale,flat,2,9,2,46.0,14500000.0,Северное Медведково,Студеный проезд,38к1,Медведково,
3SGroup,developer,https://www.cian.ru/sale/flat/299381088/,Москва,sale,flat,4,17,2,49.5,11498837.0,,,,Корниловская,FOREVILLE
Акрополь,real_estate_agent,https://www.cian.ru/sale/flat/300605973/,Москва,sale,flat,15,16,1,34.3,9500000.0,, Василия Ощепкова,2,Коммунарка,Москвичка
FORMA,developer,https://www.cian.ru/sale/flat/301158303/,Москва,sale,flat,18,26,1,40.93,40696617.0,Пресненский,к2.2,к2.2,Белорусская,Репаблик ЖК
Ксения Шахматова,realtor,https://www.cian.ru/sale/flat/303215920/,Москва,sale,flat,4,9,2,50.0,14900000.0,Очаково-Матвеевское,Большая Очаковская ,21,Очаково,
РГ-Девелопмент,developer,https://www.cian.ru/sale/flat/296774064/,Москва,sale,flat,2,24,1,43.9,20014010.0,Савеловский,Старый Петровско-Разумовский проезд,1/23С5,Гражданская,Петровский парк II
Виктория Яковлева,realtor,https://www.cian.ru/sale/flat/303954401/,Москва,sale,flat,12,12,2,42.0,15300000.0,Бутырский, Яблочкова,41,Фонвизинская,
Центр-Инвест,representative_developer,https://www.cian.ru/sale/flat/298334392/,Москва,sale,flat,6,15,1,40.5,24502499.0,Раменки,Винницкая ,8к3,Раменки,Настоящее
Intermark Real Estate,real_estate_agent,https://www.cian.ru/sale/flat/302818966/,Москва,sale,flat,4,4,2,75.7,39900000.0,Марьина роща,проезд 12-й Марьиной рощи,8С2,Марьина Роща,Лофт-квартал Studio #12
Optima Development,developer,https://www.cian.ru/sale/flat/301041605/,Москва,sale,flat,2,41,2,48.5,33762426.0,Хорошевский,Ленинградский проспект,37/2,Петровский Парк,Прайм Парк
Intermark Real Estate,real_estate_agent,https://www.cian.ru/sale/flat/303762197/,Москва,sale,flat,8,19,2,60.0,33000000.0,"Стильный ""лофт"" в е Беговой2-комн. апартаменты",60 м²,,,
РГ-Девелопмент,developer,https://www.cian.ru/sale/flat/302013644/,Москва,sale,flat,3,9,2,54.3,12885390.0,Чертаново Южное,,1.1,Аннино,Варшавские Ворота ЖК
Ирина Савельева,realtor,https://www.cian.ru/sale/flat/297485415/,Москва,sale,flat,10,17,1,38.0,10410000.0,, Бачуринская,13,Бачуринская,Новая Звезда
AFI Development,developer,https://www.cian.ru/sale/flat/294550185/,Москва,sale,flat,15,25,2,47.6,25605040.0,Обручевский, Академика Челомея,1А,Воронцовская,AFI Park Воронцовский
Intermark Real Estate,real_estate_agent,https://www.cian.ru/sale/flat/300148680/,Москва,sale,flat,7,27,2,67.9,28600000.0,Лефортово,,,Серп и Молот,Символ ЖК
Level Group,developer,https://www.cian.ru/sale/flat/304073512/,Москва,sale,flat,2,48,2,35.4,,Очаково-Матвеевское,,к8,Аминьевская,Левел Мичуринский ЖК
ФСК Агент,real_estate_agent,https://www.cian.ru/sale/flat/303583248/,Москва,sale,flat,22,45,2,77.1,32300000.0,Хорошево-Мневники, Шеногина,2,Шелепиха,
Hutton Development,developer,https://www.cian.ru/sale/flat/303631394/,Москва,sale,flat,5,17,1,50.3,35000000.0,Гагаринский,Ленинский проспект,38,Ленинский проспект,Lunar
Verges of estate,real_estate_agent,https://www.cian.ru/sale/flat/285383928/,Москва,sale,flat,7,22,2,75.0,38500000.0,Раменки,Минская ,1ГК1,Ломоносовский проспект,Золотые Ключи 2
Regions Development,developer,https://www.cian.ru/sale/flat/304149689/,Москва,sale,flat,5,14,1,37.8,17518822.0,Преображенское,Жилой комплекс Преображенская площадь,,Преображенская площадь,Преображенская площадь
ID 413522,realtor,https://www.cian.ru/sale/flat/303087584/,Москва,sale,flat,7,12,2,78.0,104390000.0,Хамовники, Ефремова,10,Фрунзенская,Садовые кварталы
РГ-Девелопмент,developer,https://www.cian.ru/sale/flat/300923063/,Москва,sale,flat,2,15,1,36.6,13995840.0,Головинский,Северный ао,,Коптево,Михалковский ЖК
ID 111063558,homeowner,https://www.cian.ru/sale/flat/300503861/,Москва,sale,flat,2,11,2,51.6,12700000.0,Северный,Долгопрудненское шоссе,6А,Физтех,Комплекс апартаментов Nord
MR Group,developer,https://www.cian.ru/sale/flat/303227151/,Москва,sale,flat,14,30,1,37.6,18068648.0,Южнопортовый,Волгоградский проспект,32/5к2,Дубровка,Метрополия
Intermark Real Estate,real_estate_agent,https://www.cian.ru/sale/flat/299639948/,Москва,sale,flat,30,75,2,71.8,66000000.0,Пресненский,1-й Красногвардейский проезд,22с2,Москва-Сити,NEVA TOWERS
Level Group,developer,https://www.cian.ru/sale/flat/302126126/,Москва,sale,flat,23,26,1,33.5,,Нагатино-Садовники,Нагатинская набережная,,Нагатинская,Level Нагатинская
ID 74438895,realtor,https://www.cian.ru/sale/flat/302406289/,Москва,sale,flat,11,16,2,63.0,35900000.0,Сокольники, Матросская Тишина,12,Сокольники,Ренессанс
КОРТРОС,developer,https://www.cian.ru/sale/flat/298603750/,Москва,sale,flat,21,26,2,45.3,21517500.0,Останкинский,,,ВДНХ,АйЛав ЖК
MERSI,real_estate_agent,https://www.cian.ru/sale/flat/303071453/,Москва,sale,flat,10,23,1,35.4,9900000.0,Южнопортовый,Волгоградский проспект,30С1,Волгоградский проспект,HighWay
MR Group,developer,https://www.cian.ru/sale/flat/303135247/,Москва,sale,flat,3,48,1,34.4,14603694.0,Покровское-Стрешнево,Вишневая ,7С128,Тушинская,Мультиквартал CITYZEN
ALVO Group,real_estate_agent,https://www.cian.ru/sale/flat/292414471/,Москва,sale,flat,3,20,2,64.0,38000000.0,Беговой,Бумажный проезд,4,Белорусская,Клубный дом SOHO+NOHO
TOUCH,developer,https://www.cian.ru/sale/flat/302838439/,Москва,sale,flat,2,13,1,40.02,22691340.0,Южнопортовый,,к3,Дубровка,Шампайн ЖК
Whitewill,real_estate_agent,https://www.cian.ru/sale/flat/303459806/,Москва,sale,flat,9,15,2,62.9,35500000.0,Раменки,Винницкая ,8к4,Раменки,Настоящее
А101,developer,https://www.cian.ru/sale/flat/292131036/,Москва,sale,flat,11,16,2,39.7,9127413.0,,,,Филатов Луг,Деснаречье ЖК
ЛюксДом,real_estate_agent,https://www.cian.ru/sale/flat/297894351/,Москва,sale,flat,6,7,2,95.0,130000000.0,Хамовники, Льва Толстого,23к1,Парк Культуры,Литератор
ASTERUS,representative_developer,https://www.cian.ru/sale/flat/303294788/,Москва,sale,flat,14,25,1,37.7,20535964.0,Покровское-Стрешнево,,,Тушинская,Алиа ЖК
Century 21 Street Realty,real_estate_agent,https://www.cian.ru/sale/flat/298054081/,Москва,sale,flat,5,9,2,38.0,18500000.0,Даниловский,оч.3,оч.3,Технопарк,Шагал ЖК
MR Group,developer,https://www.cian.ru/sale/flat/303786405/,Москва,sale,flat,12,39,1,33.69,14852731.0,Западное Дегунино,Северный ао,,Селигерская,Селигер Сити ЖК
Whitewill,real_estate_agent,https://www.cian.ru/sale/flat/303199166/,Москва,sale,flat,7,79,2,62.1,49680000.0,Пресненский,1-й Красногвардейский проезд,22с2,Москва-Сити,NEVA TOWERS
Мангазея,developer,https://www.cian.ru/sale/flat/304059391/,Москва,sale,flat,13,41,1,43.0,21366700.0,Даниловский,Большая Тульская ,10С5,Тульская,Мангазея на Тульской
Intermark Real Estate,real_estate_agent,https://www.cian.ru/sale/flat/300553173/,Москва,sale,flat,2,14,2,69.9,35000000.0,Мещанский, Гиляровского,4К1,Сухаревская,
ДОНСТРОЙ,developer,https://www.cian.ru/sale/flat/304095973/,Москва,sale,flat,13,50,1,39.7,22501960.0,Раменки,м. Мичуринский проспект,,Мичуринский проспект,Событие
Этажи Москва,real_estate_agent,https://www.cian.ru/sale/flat/302375319/,Москва,sale,flat,4,7,1,36.8,8500000.0,,,,Санино,Квартал Западный ЖК
Трансстройинвест,developer,https://www.cian.ru/sale/flat/303921201/,Москва,sale,flat,14,22,1,48.6,25876852.0,Останкинский,проезд Ольминского,4,ВДНХ,Сенатор
MERSI,real_estate_agent,https://www.cian.ru/sale/flat/303520855/,Москва,sale,flat,1,6,2,54.0,47000000.0,Пресненский,Большой Козихинский переулок,17С1,Пушкинская,
Основа,developer,https://www.cian.ru/sale/flat/304303435/,Москва,sale,flat,2,5,1,37.9,,Марфино,Ботаническая ,29К1,Владыкино,VERY
Whitewill,real_estate_agent,https://www.cian.ru/sale/flat/302363306/,Москва,sale,flat,7,8,2,51.0,75200000.0,Якиманка,Софийская набережная,34С5,Новокузнецкая,Софийский
Forma,developer,https://www.cian.ru/sale/flat/301354608/,Москва,sale,flat,8,25,1,40.7,21020410.0,Печатники,Южнопортовая ,,Печатники,Portland
Century 21 Street Realty,real_estate_agent,https://www.cian.ru/sale/flat/303985617/,Москва,sale,flat,41,58,1,37.6,18500000.0,Хорошево-Мневники, Народного Ополчения,15К2,Народное Ополчение,Wellton Towers
А101,developer,https://www.cian.ru/sale/flat/291307441/,Москва,sale,flat,4,16,2,34.4,10817233.0,,,,Прокшино,Прокшино ЖК
One Moscow,real_estate_agent,https://www.cian.ru/sale/flat/303016403/,Москва,sale,flat,12,28,1,45.2,20950000.0,Даниловский,Автозаводская ,,Автозаводская,Shagal
Концерн КРОСТ,developer,https://www.cian.ru/sale/flat/298496731/,Москва,sale,flat,14,19,1,29.0,18009000.0,Щукино, Ротмистрова,2,Октябрьское поле,Театральный квартал
MOD estate,real_estate_agent,https://www.cian.ru/sale/flat/302856189/,Москва,sale,flat,17,17,2,52.0,22900000.0,Алексеевский,3-я Мытищинская ,3к2,Алексеевская,Алексеево
Level Group,developer,https://www.cian.ru/sale/flat/301557027/,Москва,sale,flat,14,31,1,33.9,,Западное Дегунино,Северный ао,к3,Верхние Лихоборы,Левел Селигерская ЖК
Century 21 Level,real_estate_agent,https://www.cian.ru/sale/flat/303116161/,Москва,sale,flat,7,9,2,43.0,11950000.0,,проспект Магеллана,2,Прокшино,Испанские кварталы
Колди,developer,https://www.cian.ru/sale/flat/302241722/,Москва,sale,flat,17,21,1,30.09,8649740.0,Нижегородский,,,Калитники,Н'айс Лофт ЖК
Арт Риэлти,real_estate_agent,https://www.cian.ru/sale/flat/301156873/,Москва,sale,flat,2,7,2,75.0,37800000.0,Мещанский, Гиляровского,55,Проспект Мира,Дом на Гиляровского
Основа,developer,https://www.cian.ru/sale/flat/299250693/,Москва,sale,flat,11,29,1,30.1,12536650.0,Черемушки, Наметкина,вл10,Новые Черёмушки,Nametkin Tower
Лофт Инвест,real_estate_agent,https://www.cian.ru/sale/flat/303620086/,Москва,sale,flat,16,16,1,19.5,6290000.0,Отрадное,Алтуфьевское шоссе,2,Владыкино,
St Michael,developer,https://www.cian.ru/sale/flat/303024826/,Москва,sale,flat,16,21,1,37.68,17665200.0,Хорошевский,9Ак6,9Ак6,Зорге,Зорге 9 ЖК
Liberty Estate,real_estate_agent,https://www.cian.ru/sale/flat/304275053/,Москва,sale,flat,5,9,1,32.0,13900000.0,Донской,Загородное шоссе,15К2,Крымская,
Аеон-Девелопмент,developer,https://www.cian.ru/sale/flat/302037457/,Москва,sale,flat,2,46,1,43.0,29880285.0,Дорогомилово,Кутузовский проезд,16А/1,Фили,River Park Кутузовский
CENTURY 21 Столичная недвижимость,real_estate_agent,https://www.cian.ru/sale/flat/303694274/,Москва,sale,flat,16,24,2,50.0,17000000.0,Хорошево-Мневники, Народного Ополчения,11,Народное Ополчение,Wellton park
Level Group,developer,https://www.cian.ru/sale/flat/301557214/,Москва,sale,flat,2,32,1,32.4,,Хорошево-Мневники,Причальный проезд,10А,Шелепиха,Level Причальный
CENTURY 21 Столичная недвижимость,real_estate_agent,https://www.cian.ru/sale/flat/304323189/,Москва,sale,flat,4,25,1,42.2,9000000.0,, Бианки,6к2,Рассказовка,
ID 111759195,developer,https://www.cian.ru/sale/flat/296871868/,Москва,sale,flat,10,14,1,30.3,11663288.0,Рязанский,Рязанский проспект,,Окская,balance
PROНЕДВИЖИМОСТЬ,real_estate_agent,https://www.cian.ru/sale/flat/303203965/,Москва,sale,flat,2,25,1,41.3,12200000.0,Орехово-Борисово Южное,Ясеневая ,12к2,Домодедовская,Ясеневая 14
Level Group,developer,https://www.cian.ru/sale/flat/303504885/,Москва,sale,flat,5,48,1,30.0,,Хорошево-Мневники,,,Народное Ополчение,Левел Звенигородская ЖК
RND,real_estate_agent,https://www.cian.ru/sale/flat/302489254/,Москва,sale,flat,8,16,1,37.0,22700000.0,Даниловский, Архитектора Щусева,5к1,ЗИЛ,ЗИЛАРТ
Level Group,developer,https://www.cian.ru/sale/flat/301565185/,Москва,sale,flat,5,13,1,28.8,,Печатники,,14,Кожуховская,Левел Южнопортовая ЖК
Этажи Москва,real_estate_agent,https://www.cian.ru/sale/flat/301593908/,Москва,sale,flat,7,15,1,37.0,7600000.0,,,,Коммунарка,Деснаречье ЖК
ID 46327515,realtor,https://www.cian.ru/sale/flat/300154655/,Москва,sale,flat,3,21,2,40.0,14300000.0,Сокольники, Сокольнический Вал,1,Рижская,Сокольнический вал 1
LEGENDA Intelligent Development,developer,https://www.cian.ru/sale/flat/302124517/,Москва,sale,flat,3,34,1,47.8,19320760.0,Левобережный,Ленинградское шоссе,,Беломорская,Северный порт. Береговые кварталы
Юлия Похлёбина,realtor,https://www.cian.ru/sale/flat/303496415/,Москва,sale,flat,9,25,2,61.5,19990000.0,, Анны Ахматовой,8,Рассказовка,Переделкино Ближнее Город-парк
Пионер,developer,https://www.cian.ru/sale/flat/301460277/,Москва,sale,flat,16,39,1,37.2,27747294.0,Даниловский,,,Павелецкая,Хай Лайф ЖК
ЦеНтр ПИК,real_estate_agent,https://www.cian.ru/sale/flat/303155483/,Москва,sale,flat,3,7,2,80.0,29290000.0,Басманный,Нижняя Красносельская ,35С2,Бауманская,Kleinhouse
Estes,real_estate_agent,https://www.cian.ru/sale/flat/302214446/,Москва,sale,flat,28,45,2,77.1,37400000.0,Хорошево-Мневники,,,Шелепиха,Сидней Сити ЖК
Intermark Real Estate,real_estate_agent,https://www.cian.ru/sale/flat/293510493/,Москва,sale,flat,8,22,2,87.2,38000000.0,Раменки, Пырьева,9К1,Поклонная,
ЦеНтр ПИК,real_estate_agent,https://www.cian.ru/sale/flat/302363686/,Москва,sale,flat,6,14,2,78.0,37990000.0,Беговой,Скаковая ,5,Белорусская,
Upside Development,developer,https://www.cian.ru/sale/flat/303215976/,Москва,sale,flat,12,12,1,58.7,38155000.0,Даниловский,2-я Рощинская ,1,Тульская,Данилов дом
Vesco Realty,real_estate_agent,https://www.cian.ru/sale/flat/300660827/,Москва,sale,flat,28,29,2,53.6,42800000.0,Якиманка,Мытная ,40к4,Октябрьская,Sky House
Apple Real Estate,real_estate_agent,https://www.cian.ru/sale/flat/296403571/,Москва,sale,flat,4,8,2,65.0,44900000.0,Тверской,Благовещенский переулок,5,Маяковская,
Intermark Real Estate,real_estate_agent,https://www.cian.ru/sale/flat/300812063/,Москва,sale,flat,2,3,2,77.0,50000000.0,Хамовники,Саввинская набережная,5,Киевская,
Intermark Real Estate,real_estate_agent,https://www.cian.ru/sale/flat/302543412/,Москва,sale,flat,8,9,2,71.3,60000000.0,Тверской,1-я Тверская-Ямская ,7,Маяковская,
Intermark Real Estate,real_estate_agent,https://www.cian.ru/sale/flat/292154263/,Москва,sale,flat,4,20,2,76.6,62046000.0,Пресненский,Дружинниковская ,15,Краснопресненская,SkyView
Point Estate Город,real_estate_agent,https://www.cian.ru/sale/flat/299008779/,Москва,sale,flat,12,28,2,121.68,63400000.0,Кунцево, Академика Павлова,28,Молодёжная,Академика Павлова
Vesco Realty,real_estate_agent,https://www.cian.ru/sale/flat/295368581/,Москва,sale,flat,3,9,2,135.4,145000000.0,Якиманка, Малая Полянка,2,Полянка,Онегин
Intermark Real Estate,real_estate_agent,https://www.cian.ru/sale/flat/290697585/,Москва,sale,flat,3,9,2,148.5,230000000.0,Тверской,1-я Тверская-Ямская ,2,Маяковская,Vesper Tverskaya
ХОРЕКА ИНВЕСТ,real_estate_agent,https://www.cian.ru/sale/flat/301906475/,Москва,sale,flat,12,22,1,15.6,6700000.0,Тропарево-Никулино,Ленинский проспект,158,Тропарёво,
ID 96167522,realtor,https://www.cian.ru/sale/flat/301361857/,Москва,sale,flat,5,9,1,29.5,6688500.0,Люблино, Верхние Поля,27С2,Братиславская,
ID 96167522,realtor,https://www.cian.ru/sale/flat/296746930/,Москва,sale,flat,1,9,1,34.9,6854250.0,Люблино, Верхние Поля,27С2,Братиславская,
ХОРЕКА ИНВЕСТ,real_estate_agent,https://www.cian.ru/sale/flat/292414373/,Москва,sale,flat,16,22,1,15.1,7450000.0,Тропарево-Никулино,Ленинский проспект,158,Тропарёво,
ONE Company,real_estate_agent,https://www.cian.ru/sale/flat/301260654/,Москва,sale,flat,16,22,1,15.3,7450000.0,Тропарево-Никулино,Ленинский проспект,158,Юго-Западная,
ХОРЕКА ИНВЕСТ,real_estate_agent,https://www.cian.ru/sale/flat/294623881/,Москва,sale,flat,15,22,1,19.9,8060000.0,Тропарево-Никулино,Ленинский проспект,158,Тропарёво,
ID 107814632,homeowner,https://www.cian.ru/sale/flat/304088261/,Москва,sale,flat,2,2,2,24.4,8170000.0,Текстильщики,1-й Грайвороновский проезд,1,Текстильщики,Грани
ХОРЕКА ИНВЕСТ,real_estate_agent,https://www.cian.ru/sale/flat/295014010/,Москва,sale,flat,6,22,1,17.3,8590000.0,Тропарево-Никулино,Ленинский проспект,158,Тропарёво,
Msk Estate,real_estate_agent,https://www.cian.ru/sale/flat/300858701/,Москва,sale,flat,6,22,1,17.3,8590000.0,Тропарево-Никулино,Ленинский проспект,158,Юго-Западная,
ХОРЕКА ИНВЕСТ,real_estate_agent,https://www.cian.ru/sale/flat/296124514/,Москва,sale,flat,22,22,1,17.2,8780000.0,Тропарево-Никулино,Ленинский проспект,158,Тропарёво,
ХОРЕКА ИНВЕСТ,real_estate_agent,https://www.cian.ru/sale/flat/292542632/,Москва,sale,flat,22,22,1,19.4,8880000.0,Тропарево-Никулино,Ленинский проспект,158,Тропарёво,
Msk Estate,real_estate_agent,https://www.cian.ru/sale/flat/300822403/,Москва,sale,flat,22,22,1,19.4,8880000.0,Тропарево-Никулино,Ленинский проспект,158,Юго-Западная,
Msk Estate,real_estate_agent,https://www.cian.ru/sale/flat/301476484/,Москва,sale,flat,13,22,1,17.6,8900000.0,Тропарево-Никулино,Ленинский проспект,158,Юго-Западная,
ХОРЕКА ИНВЕСТ,real_estate_agent,https://www.cian.ru/sale/flat/294621795/,Москва,sale,flat,13,22,1,19.9,9070000.0,Тропарево-Никулино,Ленинский проспект,158,Тропарёво,
CENTURY 21 Столичная недвижимость,real_estate_agent,https://www.cian.ru/sale/flat/304052206/,Москва,sale,flat,5,30,1,28.4,9200000.0,Южное Бутово,к2.2,к2.2,Бунинская аллея,Южные Сады ЖК
ID 96167522,realtor,https://www.cian.ru/sale/flat/298882717/,Москва,sale,flat,9,9,1,36.5,9215000.0,Люблино, Верхние Поля,27С2,Братиславская,
Msk Estate,real_estate_agent,https://www.cian.ru/sale/flat/303666748/,Москва,sale,flat,16,22,1,19.2,10000000.0,Тропарево-Никулино,Ленинский проспект,158,Юго-Западная,
CENTURY 21 Столичная недвижимость,real_estate_agent,https://www.cian.ru/sale/flat/304052219/,Москва,sale,flat,9,16,1,36.4,10800000.0,Южное Бутово,к2.1,к2.1,Бунинская аллея,Южные Сады ЖК
CENTURY 21 Столичная недвижимость,real_estate_agent,https://www.cian.ru/sale/flat/304196039/,Москва,sale,flat,3,9,2,44.4,10900000.0,Выхино-Жулебино,Ташкентская ,15/22,Юго-Восточная,
ФСК Агент,real_estate_agent,https://www.cian.ru/sale/flat/303223319/,Москва,sale,flat,4,12,2,45.0,11500000.0,, Липовый Парк,7,Коммунарка,
ARQ CITY,real_estate_agent,https://www.cian.ru/sale/flat/295332676/,Москва,sale,flat,10,21,2,38.59,11650000.0,Нижегородский,Автомобильный проезд,4,Калитники,N’ice Loft
BERI,real_estate_agent,https://www.cian.ru/sale/flat/300568239/,Москва,sale,flat,3,5,2,46.7,12390000.0,Новогиреево,Мартеновская ,20,Новогиреево,
ID 45097821,realtor,https://www.cian.ru/sale/flat/301645204/,Москва,sale,flat,2,23,2,38.0,13500000.0,Хорошевский, Зорге,9,Полежаевская,Зорге 9
Илья Филипонский,realtor,https://www.cian.ru/sale/flat/304192999/,Москва,sale,flat,5,16,1,39.0,14000000.0,Чертаново Центральное,Варшавское шоссе,142К1,Пражская,
Rooms and Rent Group,real_estate_agent,https://www.cian.ru/sale/flat/303921166/,Москва,sale,flat,16,20,1,41.9,14550000.0,Чертаново Южное,Варшавское шоссе,160к2,Аннино,Аннинский
PROНЕДВИЖИМОСТЬ,real_estate_agent,https://www.cian.ru/sale/flat/303870914/,Москва,sale,flat,9,17,2,51.1,14800000.0,Марьино,Новомарьинская ,36К1,Братиславская,
BERI,real_estate_agent,https://www.cian.ru/sale/flat/301597650/,Москва,sale,flat,5,9,2,44.8,15190000.0,Очаково-Матвеевское,Очаковское шоссе,11К1,Аминьевская,
Century 21 Level,real_estate_agent,https://www.cian.ru/sale/flat/303807545/,Москва,sale,flat,14,17,2,64.0,15990000.0,, Бориса Пастернака,49,Мичуринец,
Павел Пряжников,realtor,https://www.cian.ru/sale/flat/303823301/,Москва,sale,flat,9,16,1,38.0,16000000.0,Кунцево,Полоцкая ,25к1,Молодёжная,
BERI,real_estate_agent,https://www.cian.ru/sale/flat/302524825/,Москва,sale,flat,5,12,2,52.1,16290000.0,Коптево,проезд Черепановых,72К1,Лихоборы,
BERI,real_estate_agent,https://www.cian.ru/sale/flat/302461267/,Москва,sale,flat,5,9,2,45.0,16990000.0,Ломоносовский, Гарибальди,4К5,Новаторская,
Князев и Партнёры,real_estate_agent,https://www.cian.ru/sale/flat/301506427/,Москва,sale,flat,1,12,2,38.2,17200000.0,Тверской, Бутырский Вал,34,Белорусская,
One Moscow,real_estate_agent,https://www.cian.ru/sale/flat/303787673/,Москва,sale,flat,3,16,2,57.0,17500000.0,,проспект Прокшинский,10,Прокшино,Прокшино
One Moscow,real_estate_agent,https://www.cian.ru/sale/flat/302728199/,Москва,sale,flat,5,17,2,55.9,17900000.0,Отрадное,Нововладыкинский проезд,1к3,Окружная,Поколение
MR Group,developer,https://www.cian.ru/sale/flat/303227074/,Москва,sale,flat,17,30,1,41.5,19199932.0,Южнопортовый,Волгоградский проспект,32/3к4,Волгоградский проспект,Метрополия
Level Group,developer,https://www.cian.ru/sale/flat/301797575/,Москва,sale,flat,2,48,1,32.5,,Очаково-Матвеевское,,к8,Аминьевская,Левел Мичуринский ЖК
BERI,real_estate_agent,https://www.cian.ru/sale/flat/301596332/,Москва,sale,flat,4,5,2,53.9,20290000.0,Ломоносовский, Строителей,5К4,Университет,
Intermark Real Estate,real_estate_agent,https://www.cian.ru/sale/flat/300140948/,Москва,sale,flat,11,20,1,44.0,22490000.0,Левобережный,Ленинградское шоссе,69,Беломорская,Aquatoria
BARNES International Realty,real_estate_agent,https://www.cian.ru/sale/flat/296736911/,Москва,sale,flat,4,21,1,45.15,22500000.0,Алексеевский,Новоалексеевская ,16к2,Алексеевская,Серебряный фонтан
Estes,real_estate_agent,https://www.cian.ru/sale/flat/304233063/,Москва,sale,flat,3,22,2,60.8,23000000.0,Хорошево-Мневники,3-я Хорошевская ,17А,Зорге,
Whitewill,real_estate_agent,https://www.cian.ru/sale/flat/304119233/,Москва,sale,flat,8,24,2,45.2,23300000.0,Хорошево-Мневники,Шелепихинская набережная,40к2,Шелепиха,Sydney City
Арт Риэлти,real_estate_agent,https://www.cian.ru/sale/flat/296649512/,Москва,sale,flat,19,27,2,60.0,23500000.0,Лефортово, Крузенштерна,10к1,Авиамоторная,Символ
Арт Риэлти,real_estate_agent,https://www.cian.ru/sale/flat/303933867/,Москва,sale,flat,8,46,2,43.5,23500000.0,Хорошево-Мневники,Шелепихинская набережная,34к6,Шелепиха,Сердце Столицы
MR Group,developer,https://www.cian.ru/sale/flat/276155299/,Москва,sale,flat,3,57,1,42.77,24617001.0,Филевский парк,,,Фили,Фили Сити ЖК
Level Group,developer,https://www.cian.ru/sale/flat/303990061/,Москва,sale,flat,3,11,1,37.9,,Басманный,Большая Почтовая ,,Электрозаводская,Level Бауманская
CENTURY 21 Столичная недвижимость,real_estate_agent,https://www.cian.ru/sale/flat/304247865/,Москва,sale,flat,4,28,2,85.0,26500000.0,Даниловский,1-я оч.,к5,ЗИЛ,Shagal
CENTURY 21 Столичная недвижимость,real_estate_agent,https://www.cian.ru/sale/flat/303301977/,Москва,sale,flat,14,27,2,83.0,26800000.0,Даниловский,1-я оч.,11к2,ЗИЛ,Shagal
Kalinka Group,real_estate_agent,https://www.cian.ru/sale/flat/293718260/,Москва,sale,flat,5,6,1,43.0,27500000.0,Беговой, 3-я Ямского Поля,9,Белорусская,Art Residence
Delight Realty,real_estate_agent,https://www.cian.ru/sale/flat/295316100/,Москва,sale,flat,22,42,2,61.6,27990000.0,Филевский парк,Багратионовский проезд,5Ак1,Фили,Filicity
Alliance Agency Real Estate,real_estate_agent,https://www.cian.ru/sale/flat/300386935/,Москва,sale,flat,10,33,2,44.3,28500000.0,Хорошево-Мневники,Причальный проезд,10А,Шелепиха,Level Причальный
Арт Риэлти,real_estate_agent,https://www.cian.ru/sale/flat/304320920/,Москва,sale,flat,3,41,2,66.0,29000000.0,Хорошево-Мневники,Шелепихинская набережная,34к5,Шелепиха,Сердце Столицы
One Moscow,real_estate_agent,https://www.cian.ru/sale/flat/303788194/,Москва,sale,flat,14,29,2,50.1,29600000.0,Хорошево-Мневники,Шелепихинская набережная,40к3,Хорошёвская,Sydney City
One Moscow,real_estate_agent,https://www.cian.ru/sale/flat/303196371/,Москва,sale,flat,14,28,2,67.0,30000000.0,Можайский,переулок 2-й Петра Алексеева,5,Рабочий посёлок,КутузовGRAD II
Whitewill,real_estate_agent,https://www.cian.ru/sale/flat/288460035/,Москва,sale,flat,9,21,2,50.3,33400000.0,Басманный, Земляной Вал,37к1,Чкаловская,Дом Chkalov
Whitewill,real_estate_agent,https://www.cian.ru/sale/flat/303875575/,Москва,sale,flat,21,36,2,58.0,35300000.0,Хорошево-Мневники,Шелепихинская набережная,42к2,Полежаевская,FreeDOM
Alliance Agency Real Estate,real_estate_agent,https://www.cian.ru/sale/flat/302295108/,Москва,sale,flat,10,46,2,58.5,39900000.0,Даниловский,Дубининская ,59А,Павелецкая,Павелецкая Сити
Intermark Real Estate,real_estate_agent,https://www.cian.ru/sale/flat/296565916/,Москва,sale,flat,4,8,2,65.0,44900000.0,Тверской,Благовещенский переулок,5,Маяковская,
Point Estate Город,real_estate_agent,https://www.cian.ru/sale/flat/299008778/,Москва,sale,flat,4,28,2,70.0,48000000.0,Кунцево, Академика Павлова,28,Молодёжная,Академика Павлова
Capital Group,developer,https://www.cian.ru/sale/flat/301483027/,Москва,sale,flat,12,18,1,53.4,59653573.0,Дорогомилово,,,Москва-Сити,Бадаевский ЖК
Intermark Real Estate,real_estate_agent,https://www.cian.ru/sale/flat/300133660/,Москва,sale,flat,3,3,2,107.8,70000000.0,Покровское-Стрешнево,Ленинградское шоссе,23к1,Балтийская,TWEED PARK
Whitewill,real_estate_agent,https://www.cian.ru/sale/flat/303370372/,Москва,sale,flat,4,8,1,57.0,70000000.0,Таганский,Тессинский переулок,1,Чкаловская,"Тессинский, 1"
Whitewill,real_estate_agent,https://www.cian.ru/sale/flat/299558863/,Москва,sale,flat,2,4,2,136.6,75000000.0,Донской,Варшавское шоссе,9с28,Тульская,Даниловская мануфактура
Monumental Group,real_estate_agent,https://www.cian.ru/sale/flat/300006046/,Москва,sale,flat,4,6,2,156.0,77400000.0,Тверской, Малая Дмитровка,29С1,Маяковская,
Whitewill Москва-Сити,real_estate_agent,https://www.cian.ru/sale/flat/303920462/,Москва,sale,flat,17,78,2,92.0,80000000.0,Пресненский,1-й Красногвардейский проезд,22с2,Москва-Сити,NEVA TOWERS
ЛюксДом,real_estate_agent,https://www.cian.ru/sale/flat/299328634/,Москва,sale,flat,7,12,2,77.2,104900000.0,Хамовники, Ефремова,10с1к4/2,Фрунзенская,Садовые кварталы
Soul Estate,real_estate_agent,https://www.cian.ru/sale/flat/302731259/,Москва,sale,flat,5,14,2,82.0,150000000.0,Хамовники,Трубецкая ,10,Фрунзенская,Дом на Трубецкой
Кристина Лебедева,realtor,https://www.cian.ru/sale/flat/300285703/,Москва,sale,flat,3,4,2,36.0,10150000.0,Соколиная гора,Щербаковская ,53,Измайлово,
ФСК Агент,real_estate_agent,https://www.cian.ru/sale/flat/301206411/,Москва,sale,flat,2,14,2,42.0,11500000.0,Молжаниновский,,,Речной вокзал,Первый Ленинградский ЖК
CENTURY 21 Столичная недвижимость,real_estate_agent,https://www.cian.ru/sale/flat/303926346/,Москва,sale,flat,2,17,2,43.2,12500000.0,, Бориса Пастернака,8,Рассказовка,Переделкино Ближнее Город-парк
TimeProperty,real_estate_agent,https://www.cian.ru/sale/flat/297704043/,Москва,sale,flat,15,21,1,36.5,16500000.0,Головинский,Кронштадтский бульвар,к1/2,Водный стадион,Кронштадтский 9
ID 106378487,homeowner,https://www.cian.ru/sale/flat/300979940/,Москва,sale,flat,2,5,2,43.0,17100000.0,Савеловский, Верхняя Масловка,12,Петровский Парк,
Prime,real_estate_agent,https://www.cian.ru/sale/flat/300941020/,Москва,sale,flat,2,28,1,46.3,18400000.0,Даниловский,1-я оч.,к7,ЗИЛ,Shagal
ФСК Агент,real_estate_agent,https://www.cian.ru/sale/flat/303228530/,Москва,sale,flat,19,43,1,39.5,21050000.0,Хорошево-Мневники,Шелепихинская набережная,40к1,Шелепиха,Sydney City
ФСК Агент,real_estate_agent,https://www.cian.ru/sale/flat/299865204/,Москва,sale,flat,32,44,1,46.7,21500000.0,Покровское-Стрешнево,Строительный проезд,9С6,Трикотажная,Sky Garden
ASTERUS,representative_developer,https://www.cian.ru/sale/flat/302828206/,Москва,sale,flat,14,25,1,44.3,23527036.0,Покровское-Стрешнево,,,Тушинская,Алиа ЖК
Intermark Real Estate,real_estate_agent,https://www.cian.ru/sale/flat/303902689/,Москва,sale,flat,16,41,2,50.5,24380000.0,Хорошево-Мневники,Шелепихинская набережная,34к5,Шелепиха,Сердце Столицы
Премиум Сервис,real_estate_agent,https://www.cian.ru/sale/flat/300644939/,Москва,sale,flat,9,29,1,35.4,25000000.0,Хорошево-Мневники,Шелепихинская набережная,34к4,Шелепиха,Сердце Столицы
Intermark Real Estate,real_estate_agent,https://www.cian.ru/sale/flat/302727288/,Москва,sale,flat,11,15,2,53.0,30500000.0,Аэропорт,Ленинградский проспект,36с39,Динамо,ВТБ Арена парк
Prime,real_estate_agent,https://www.cian.ru/sale/flat/294562801/,Москва,sale,flat,25,33,2,69.8,36800000.0,Хорошево-Мневники,Причальный проезд,10к1,Шелепиха,Level Причальный
Kalinka Group,real_estate_agent,https://www.cian.ru/sale/flat/302893025/,Москва,sale,flat,28,29,2,53.0,44000000.0,Якиманка,Мытная ,40к4,Октябрьская,Sky House
CITYZEN,real_estate_agent,https://www.cian.ru/sale/flat/304288400/,Москва,sale,flat,54,68,2,85.0,58000000.0,Пресненский,1-й Красногвардейский проезд,22с1,Москва-Сити,NEVA TOWERS
Intermark Real Estate,real_estate_agent,https://www.cian.ru/sale/flat/302620422/,Москва,sale,flat,11,12,2,77.0,64000000.0,Аэропорт,Ленинградский проспект,36с36,Динамо,ВТБ Арена парк
ТСН Владис,real_estate_agent,https://www.cian.ru/sale/flat/296233811/,Москва,sale,flat,20,25,1,33.9,8000000.0,,,6,Коммунарка,
Колди,developer,https://www.cian.ru/sale/flat/302241111/,Москва,sale,flat,12,21,1,38.59,11281238.0,Нижегородский,Автомобильный проезд,4,Калитники,N’ice Loft
Адресат,real_estate_agent,https://www.cian.ru/sale/flat/303608215/,Москва,sale,flat,18,33,2,57.0,16200000.0,Южное Бутово, Поляны,5Ак2,Улица Скобелевская,Столичные поляны
MR Group,developer,https://www.cian.ru/sale/flat/298871546/,Москва,sale,flat,38,48,1,34.8,16378724.0,Покровское-Стрешнево,Вишневая ,7С128,Тушинская,Мультиквартал CITYZEN
Whitewill,real_estate_agent,https://www.cian.ru/sale/flat/298484253/,Москва,sale,flat,3,14,1,38.8,16500000.0,Даниловский,проспект Лихачева,,ЗИЛ,Nagatino i-Land
Sezar Group,developer,https://www.cian.ru/sale/flat/303106303/,Москва,sale,flat,2,51,1,37.01,16839550.0,Хорошевский,2-й Хорошевский проезд,7С15,Хорошёвская,SEZAR CITY
Apsis Globe,developer,https://www.cian.ru/sale/flat/283700420/,Москва,sale,flat,6,21,2,72.5,16900000.0,Тропарево-Никулино,Востряковское шоссе,7с3,Озёрная,Комплекс апартаментов CITIMIX
Whitewill,real_estate_agent,https://www.cian.ru/sale/flat/303253613/,Москва,sale,flat,4,15,1,30.2,17500000.0,Хорошевский,Ходынский бульвар,20А,ЦСКА,Лайнер
NIKA ESTATE,real_estate_agent,https://www.cian.ru/sale/flat/303331637/,Москва,sale,flat,8,16,2,54.6,17950000.0,Северное Тушино, Свободы,93,Планерная,
Whitewill,real_estate_agent,https://www.cian.ru/sale/flat/301313976/,Москва,sale,flat,26,42,2,46.0,22500000.0,Котловка,Большая Черемушкинская ,25С14,Нагорная,Eniteo
Sezar Group,developer,https://www.cian.ru/sale/flat/303106768/,Москва,sale,flat,23,51,1,44.29,22942220.0,Хорошевский,2-й Хорошевский проезд,7С18,Хорошёвская,SEZAR CITY
Dream Realty,real_estate_agent,https://www.cian.ru/sale/flat/300877720/,Москва,sale,flat,25,37,2,57.0,23000000.0,Останкинский, Годовикова,11к5,Алексеевская,iLove
ID 100604708,homeowner,https://www.cian.ru/sale/flat/303934208/,Москва,sale,flat,3,17,2,51.0,23200000.0,Филевский парк, Василисы Кожиной,14К2,Багратионовская,
Whitewill,real_estate_agent,https://www.cian.ru/sale/flat/299110205/,Москва,sale,flat,7,11,1,39.8,24950000.0,Басманный, Казакова,7,Курская,KAZAKOV Grand Loft
Whitewill,real_estate_agent,https://www.cian.ru/sale/flat/297075052/,Москва,sale,flat,50,55,2,42.47,27500000.0,Марьина роща, 4-я Марьиной рощи,12С4,Марьина Роща,Mod
Whitewill,real_estate_agent,https://www.cian.ru/sale/flat/296569807/,Москва,sale,flat,50,55,2,42.62,27500000.0,Марьина роща, 4-я Марьиной рощи,12С4,Марьина Роща,Mod
TOUCH,developer,https://www.cian.ru/sale/flat/302838389/,Москва,sale,flat,6,13,1,48.79,30444000.0,Южнопортовый,,к1,Дубровка,Шампайн ЖК
Арт Риэлти,real_estate_agent,https://www.cian.ru/sale/flat/303122846/,Москва,sale,flat,17,22,2,73.3,32000000.0,Щукино,Щукинская ,3,Стрешнево,Интонация
do A.S.A.P.,real_estate_agent,https://www.cian.ru/sale/flat/304091290/,Москва,sale,flat,5,11,2,66.0,33000000.0,Лефортово, Золоторожский Вал,,Серп и Молот,Символ
VOS HOD,developer,https://www.cian.ru/sale/flat/300560430/,Москва,sale,flat,9,17,1,69.5,39128500.0,Филевский парк, Василисы Кожиной,вл25/1,Филёвский парк,AHEAD
ЛюксДом,real_estate_agent,https://www.cian.ru/sale/flat/301078527/,Москва,sale,flat,3,5,1,47.0,41670000.0,Замоскворечье,Озерковская набережная,6,Новокузнецкая,Bogenhouse
Whitewill,real_estate_agent,https://www.cian.ru/sale/flat/297080776/,Москва,sale,flat,50,55,2,65.21,42000000.0,Марьина роща, 4-я Марьиной рощи,12С4,Марьина Роща,Mod
Whitewill,real_estate_agent,https://www.cian.ru/sale/flat/297716380/,Москва,sale,flat,36,53,2,78.0,45800000.0,Раменки,Мичуринский проспект,56,Раменки,"Небо — Небоскребы на Мичуринском, 56"
Whitewill,real_estate_agent,https://www.cian.ru/sale/flat/302464388/,Москва,sale,flat,9,21,2,86.0,47300000.0,Хорошево-Мневники, Нижние Мневники,9,Терехово ,Остров
FORMA,developer,https://www.cian.ru/sale/flat/300120478/,Москва,sale,flat,11,33,2,58.74,49929000.0,Пресненский,к2.3,к2.3,Белорусская,Репаблик ЖК
FORMA,developer,https://www.cian.ru/sale/flat/298003712/,Москва,sale,flat,27,33,2,75.56,54596180.0,Пресненский,к2.3,к2.3,Белорусская,Репаблик ЖК
Whitewill,real_estate_agent,https://www.cian.ru/sale/flat/298199191/,Москва,sale,flat,11,14,2,69.0,55000000.0,Раменки,проспект Генерала Дорохова,39к1В,Минская,Собрание клубных домов West Garden
Capital Group,developer,https://www.cian.ru/sale/flat/288136857/,Москва,sale,flat,59,85,2,80.6,65911314.0,Пресненский,1-й Красногвардейский проезд,21с2,Москва-Сити,МФК ОКО
Capital Group,developer,https://www.cian.ru/sale/flat/288136854/,Москва,sale,flat,54,85,2,83.3,66423558.0,Пресненский,1-й Красногвардейский проезд,21с2,Москва-Сити,МФК ОКО
